INSERT INTO 부서  (부서번호, 부서명, 부서위치, 담당업무, 부서전화번호) VALUES ('101', '경영관리', 'M24102', '경영 및 관리', '077-4123-2819' );
INSERT INTO 부서  (부서번호, 부서명, 부서위치, 담당업무, 부서전화번호) VALUES ('102', '마케팅', 'M41451', '마케팅 홍보', '077-3113-4121' );
INSERT INTO 부서  (부서번호, 부서명, 부서위치, 담당업무, 부서전화번호) VALUES ('103', '개발', 'D64133', '프로그래밍 개발', '077-4241-4155' );
INSERT INTO 부서  (부서번호, 부서명, 부서위치, 담당업무, 부서전화번호) VALUES ('104', '연구개발', 'D14045', '기술 연구 개발', '077-2133-1444' );

INSERT INTO 직원 (직원번호, 직원명, 주민등록번호, 최종학력, 직위, 소속부서, 정보권한등급) VALUES ('39248', '김지훈', '950101-1234567', '대학교 졸업 (컴퓨터 비전)', '부장', '103', '2');
INSERT INTO 직원 (직원번호, 직원명, 주민등록번호, 최종학력, 직위, 소속부서, 정보권한등급) VALUES ('50328', '박수진', '880215-2345678', '대학교 졸업 (데이터 과학)', '부장', '103', '2');
INSERT INTO 직원 (직원번호, 직원명, 주민등록번호, 최종학력, 직위, 소속부서, 정보권한등급) VALUES ('23654', '이준영', '910327-3456789', '석사 졸업 (인공지능)', '부장', '103', '2');
INSERT INTO 직원 (직원번호, 직원명, 주민등록번호, 최종학력, 직위, 소속부서, 정보권한등급) VALUES ('41379', '최예은', '840430-4567890', '석사 졸업 (빅데이터)', '부장', '103', '2');
INSERT INTO 직원 (직원번호, 직원명, 주민등록번호, 최종학력, 직위, 소속부서, 정보권한등급) VALUES ('47851', '정태우', '770512-5678901', '대학교 졸업 (컴퓨터 비전)', '부장', '103', '2');
INSERT INTO 직원 (직원번호, 직원명, 주민등록번호, 최종학력, 직위, 소속부서, 정보권한등급) VALUES ('52136', '강서연', '990623-6789012', '대학교 졸업 (정보과학)', '사원', '103', '1');
INSERT INTO 직원 (직원번호, 직원명, 주민등록번호, 최종학력, 직위, 소속부서, 정보권한등급) VALUES ('15382', '황동욱', '890706-7890123', '대학교 졸업 (정보과학)', '사원', '103', '1');
INSERT INTO 직원 (직원번호, 직원명, 주민등록번호, 최종학력, 직위, 소속부서, 정보권한등급) VALUES ('46985', '송서진', '920819-8901234', '석사 졸업 (머신러닝)', '대리', '103', '1');
INSERT INTO 직원 (직원번호, 직원명, 주민등록번호, 최종학력, 직위, 소속부서, 정보권한등급) VALUES ('28764', '장민석', '810922-9012345', '고등학교 졸업', '사원', '103', '1');
INSERT INTO 직원 (직원번호, 직원명, 주민등록번호, 최종학력, 직위, 소속부서, 정보권한등급) VALUES ('52417', '한가을', '931003-0123456', '고등학교 졸업', '사원', '103', '1');
INSERT INTO 직원 (직원번호, 직원명, 주민등록번호, 최종학력, 직위, 소속부서, 정보권한등급) VALUES ('34127', '조성민', '761116-1234567', '석사 졸업 (클라우드 컴퓨팅)', '대리', '103', '1');
INSERT INTO 직원 (직원번호, 직원명, 주민등록번호, 최종학력, 직위, 소속부서, 정보권한등급) VALUES ('48532', '신지혜', '980217-2345678', '석사 졸업 (사이버 보안)', '대리', '103', '1');
INSERT INTO 직원 (직원번호, 직원명, 주민등록번호, 최종학력, 직위, 소속부서, 정보권한등급) VALUES ('50974', '윤승현', '870331-3456789', '대학교 졸업 (로봇 공학)', '대리', '103', '1');
INSERT INTO 직원 (직원번호, 직원명, 주민등록번호, 최종학력, 직위, 소속부서, 정보권한등급) VALUES ('25684', '김하늘', '800414-4567890', '대학교 졸업 (데이터 과학)', '사원', '103', '1');
INSERT INTO 직원 (직원번호, 직원명, 주민등록번호, 최종학력, 직위, 소속부서, 정보권한등급) VALUES ('42761', '정재호', '940525-5678901', '대학교 졸업 (네트워크 엔지니어링)', '사원', '103', '1');
INSERT INTO 직원 (직원번호, 직원명, 주민등록번호, 최종학력, 직위, 소속부서, 정보권한등급) VALUES ('51834', '박가온', '750608-6789012', '고등학교 졸업', '사원', '103', '1');
INSERT INTO 직원 (직원번호, 직원명, 주민등록번호, 최종학력, 직위, 소속부서, 정보권한등급) VALUES ('14657', '강동우', '970719-7890123', '대학교 졸업 (소프트웨어 엔지니어링)', '대리', '103', '1');
INSERT INTO 직원 (직원번호, 직원명, 주민등록번호, 최종학력, 직위, 소속부서, 정보권한등급) VALUES ('38516', '최현서', '900801-8901234', '고등학교 졸업', '사원', '103', '1');
INSERT INTO 직원 (직원번호, 직원명, 주민등록번호, 최종학력, 직위, 소속부서, 정보권한등급) VALUES ('46785', '이승준', '811004-9012345', '석사 졸업 (소프트웨어공학)', '대리', '103', '1');
INSERT INTO 직원 (직원번호, 직원명, 주민등록번호, 최종학력, 직위, 소속부서, 정보권한등급) VALUES ('15947', '김유빈', '951115-0123456', '석사 졸업 (게임 개발)', '사원', '103', '1');
INSERT INTO 직원 (직원번호, 직원명, 주민등록번호, 최종학력, 직위, 소속부서, 정보권한등급) VALUES ('49215', '손정우', '881229-1234567', '고등학교 졸업', '차장', '103', '1');
INSERT INTO 직원 (직원번호, 직원명, 주민등록번호, 최종학력, 직위, 소속부서, 정보권한등급) VALUES ('34681', '정아름', '911011-2345678', '석사 졸업 (클라우드 컴퓨팅)', '대리', '103', '1');
INSERT INTO 직원 (직원번호, 직원명, 주민등록번호, 최종학력, 직위, 소속부서, 정보권한등급) VALUES ('51247', '나지윤', '841124-3456789', '대학교 졸업 (소프트웨어 엔지니어링)', '사원', '103', '1');
INSERT INTO 직원 (직원번호, 직원명, 주민등록번호, 최종학력, 직위, 소속부서, 정보권한등급) VALUES ('42981', '임준혁', '770207-4567890', '고등학교 졸업', '대리', '103', '1');
INSERT INTO 직원 (직원번호, 직원명, 주민등록번호, 최종학력, 직위, 소속부서, 정보권한등급) VALUES ('56321', '박주원', '000320-5678901', '석사 졸업 (데이터 과학)', '과장', '103', '1');
INSERT INTO 직원 (직원번호, 직원명, 주민등록번호, 최종학력, 직위, 소속부서, 정보권한등급) VALUES ('18754', '황소미', '990421-6789012', '대학교 졸업 (시스템 분석)', '사원', '103', '1');
INSERT INTO 직원 (직원번호, 직원명, 주민등록번호, 최종학력, 직위, 소속부서, 정보권한등급) VALUES ('43276', '김태영', '890504-7890123', '대학교 졸업 (컴퓨터 비전)', '사원', '103', '1');
INSERT INTO 직원 (직원번호, 직원명, 주민등록번호, 최종학력, 직위, 소속부서, 정보권한등급) VALUES ('51689', '유하린', '920617-8901234', '석사 졸업 (소프트웨어 아키텍처)', '대리', '103', '1');
INSERT INTO 직원 (직원번호, 직원명, 주민등록번호, 최종학력, 직위, 소속부서, 정보권한등급) VALUES ('36571', '신정민', '810730-9012345', '석사 졸업 (사이버 보안)', '사원', '103', '1');
INSERT INTO 직원 (직원번호, 직원명, 주민등록번호, 최종학력, 직위, 소속부서, 정보권한등급) VALUES ('49728', '조민우', '931011-0123456', '석사 졸업 (머신러닝)', '차장', '103', '1');
INSERT INTO 직원 (직원번호, 직원명, 주민등록번호, 최종학력, 직위, 소속부서, 정보권한등급) VALUES ('53842', '이주연', '761124-1234567', '고등학교 졸업', '사원', '103', '1');
INSERT INTO 직원 (직원번호, 직원명, 주민등록번호, 최종학력, 직위, 소속부서, 정보권한등급) VALUES ('47126', '정태호', '980325-2345678', '고등학교 졸업', '사원', '103', '1');
INSERT INTO 직원 (직원번호, 직원명, 주민등록번호, 최종학력, 직위, 소속부서, 정보권한등급) VALUES ('21573', '강수빈', '870508-3456789', '고등학교 졸업', '사원', '103', '1');
INSERT INTO 직원 (직원번호, 직원명, 주민등록번호, 최종학력, 직위, 소속부서, 정보권한등급) VALUES ('53621', '김건우', '800621-4567890', '고등학교 졸업', '과장', '103', '1');
INSERT INTO 직원 (직원번호, 직원명, 주민등록번호, 최종학력, 직위, 소속부서, 정보권한등급) VALUES ('27135', '박채원', '940704-5678901', '석사 졸업 (빅데이터)', '대리', '103', '1');
INSERT INTO 직원 (직원번호, 직원명, 주민등록번호, 최종학력, 직위, 소속부서, 정보권한등급) VALUES ('49832', '최정민', '750817-6789012', '대학교 졸업 (데이터 과학)', '사원', '103', '1');
INSERT INTO 직원 (직원번호, 직원명, 주민등록번호, 최종학력, 직위, 소속부서, 정보권한등급) VALUES ('34768', '홍승현', '970928-7890123', '석사 졸업 (게임 개발)', '차장', '103', '1');
INSERT INTO 직원 (직원번호, 직원명, 주민등록번호, 최종학력, 직위, 소속부서, 정보권한등급) VALUES ('51293', '한수빈', '901011-8901234', '고등학교 졸업', '사원', '103', '1');
INSERT INTO 직원 (직원번호, 직원명, 주민등록번호, 최종학력, 직위, 소속부서, 정보권한등급) VALUES ('23961', '임재현', '811114-9012345', '대학교 졸업 (정보과학)', '사원', '103', '1');
INSERT INTO 직원 (직원번호, 직원명, 주민등록번호, 최종학력, 직위, 소속부서, 정보권한등급) VALUES ('46587', '김다솔', '951225-0123456', '고등학교 졸업', '대리', '103', '1');
INSERT INTO 직원 (직원번호, 직원명, 주민등록번호, 최종학력, 직위, 소속부서, 정보권한등급) VALUES ('52147', '송승민', '890308-1234567', '고등학교 졸업', '사원', '103', '1');
INSERT INTO 직원 (직원번호, 직원명, 주민등록번호, 최종학력, 직위, 소속부서, 정보권한등급) VALUES ('39741', '양지윤', '910421-2345678', '고등학교 졸업', '대리', '103', '1');
INSERT INTO 직원 (직원번호, 직원명, 주민등록번호, 최종학력, 직위, 소속부서, 정보권한등급) VALUES ('53871', '정재원', '841203-3456789', '석사 졸업 (소프트웨어공학)', '대리', '103', '1');
INSERT INTO 직원 (직원번호, 직원명, 주민등록번호, 최종학력, 직위, 소속부서, 정보권한등급) VALUES ('17854', '신하은', '770306-4567890', '고등학교 졸업', '차장', '103', '1');
INSERT INTO 직원 (직원번호, 직원명, 주민등록번호, 최종학력, 직위, 소속부서, 정보권한등급) VALUES ('49378', '오준호', '000430-5678901', '석사 졸업 (로봇 공학)', '차장', '103', '1');
INSERT INTO 직원 (직원번호, 직원명, 주민등록번호, 최종학력, 직위, 소속부서, 정보권한등급) VALUES ('35682', '김수빈', '990531-6789012', '고등학교 졸업', '차장', '103', '1');
INSERT INTO 직원 (직원번호, 직원명, 주민등록번호, 최종학력, 직위, 소속부서, 정보권한등급) VALUES ('52461', '이동현', '890613-7890123', '고등학교 졸업', '대리', '103', '1');
INSERT INTO 직원 (직원번호, 직원명, 주민등록번호, 최종학력, 직위, 소속부서, 정보권한등급) VALUES ('46137', '최현우', '920726-8901234', '석사 졸업 (소프트웨어 아키텍처)', '사원', '103', '1');
INSERT INTO 직원 (직원번호, 직원명, 주민등록번호, 최종학력, 직위, 소속부서, 정보권한등급) VALUES ('23517', '강주원', '810829-9012345', '석사 졸업 (게임 개발)', '대리', '103', '1');
INSERT INTO 직원 (직원번호, 직원명, 주민등록번호, 최종학력, 직위, 소속부서, 정보권한등급) VALUES ('48921', '박지민', '931120-0123456', '대학교 졸업 (시스템 분석)', '대리', '103', '1');
INSERT INTO 직원 (직원번호, 직원명, 주민등록번호, 최종학력, 직위, 소속부서, 정보권한등급) VALUES ('51487', '황은지', '761204-1234567', '대학교 졸업 (웹 개발)', '과장', '103', '1');
INSERT INTO 직원 (직원번호, 직원명, 주민등록번호, 최종학력, 직위, 소속부서, 정보권한등급) VALUES ('36254', '정성민', '980426-2345678', '고등학교 졸업', '대리', '103', '1');
INSERT INTO 직원 (직원번호, 직원명, 주민등록번호, 최종학력, 직위, 소속부서, 정보권한등급) VALUES ('48715', '신민서', '870619-3456789', '고등학교 졸업', '사원', '103', '1');
INSERT INTO 직원 (직원번호, 직원명, 주민등록번호, 최종학력, 직위, 소속부서, 정보권한등급) VALUES ('35127', '윤하윤', '800702-4567890', '석사 졸업 (빅데이터)', '대리', '103', '1');
INSERT INTO 직원 (직원번호, 직원명, 주민등록번호, 최종학력, 직위, 소속부서, 정보권한등급) VALUES ('52436', '김현지', '940815-5678901', '석사 졸업 (소프트웨어공학)', '과장', '103', '1');
INSERT INTO 직원 (직원번호, 직원명, 주민등록번호, 최종학력, 직위, 소속부서, 정보권한등급) VALUES ('41835', '이서윤', '750928-6789012', '석사 졸업 (소프트웨어 아키텍처)', '사원', '103', '1');
INSERT INTO 직원 (직원번호, 직원명, 주민등록번호, 최종학력, 직위, 소속부서, 정보권한등급) VALUES ('56921', '조하늘', '971119-7890123', '대학교 졸업 (소프트웨어 엔지니어링)', '사원', '103', '1');
INSERT INTO 직원 (직원번호, 직원명, 주민등록번호, 최종학력, 직위, 소속부서, 정보권한등급) VALUES ('17345', '박재윤', '901202-8901234', '대학교 졸업 (정보과학)', '대리', '103', '1');
INSERT INTO 직원 (직원번호, 직원명, 주민등록번호, 최종학력, 직위, 소속부서, 정보권한등급) VALUES ('52174', '강예린', '811305-9012345', '석사 졸업 (사이버 보안)', '차장', '103', '1');
INSERT INTO 직원 (직원번호, 직원명, 주민등록번호, 최종학력, 직위, 소속부서, 정보권한등급) VALUES ('49835', '최지우', '960106-0123456', '석사 졸업 (소프트웨어공학)', '과장', '103', '1');
INSERT INTO 직원 (직원번호, 직원명, 주민등록번호, 최종학력, 직위, 소속부서, 정보권한등급) VALUES ('24635', '정민재', '890419-1234567', '대학교 졸업 (소프트웨어 엔지니어링)', '사원', '103', '1');
INSERT INTO 직원 (직원번호, 직원명, 주민등록번호, 최종학력, 직위, 소속부서, 정보권한등급) VALUES ('51379', '손세은', '910531-2345678', '고등학교 졸업', '사원', '103', '1');
INSERT INTO 직원 (직원번호, 직원명, 주민등록번호, 최종학력, 직위, 소속부서, 정보권한등급) VALUES ('38754', '김지호', '841004-3456789', '고등학교 졸업', '사원', '103', '1');
INSERT INTO 직원 (직원번호, 직원명, 주민등록번호, 최종학력, 직위, 소속부서, 정보권한등급) VALUES ('52947', '이윤호', '770107-4567890', '대학교 졸업 (데이터 과학)', '대리', '103', '1');
INSERT INTO 직원 (직원번호, 직원명, 주민등록번호, 최종학력, 직위, 소속부서, 정보권한등급) VALUES ('46128', '한승민', '001209-5678901', '고등학교 졸업', '대리', '103', '1');
INSERT INTO 직원 (직원번호, 직원명, 주민등록번호, 최종학력, 직위, 소속부서, 정보권한등급) VALUES ('53421', '박준서', '990610-6789012', '석사 졸업 (빅데이터)', '대리', '103', '1');
INSERT INTO 직원 (직원번호, 직원명, 주민등록번호, 최종학력, 직위, 소속부서, 정보권한등급) VALUES ('48256', '황수민', '890703-7890123', '석사 졸업 (소프트웨어 아키텍처)', '대리', '103', '1');
INSERT INTO 직원 (직원번호, 직원명, 주민등록번호, 최종학력, 직위, 소속부서, 정보권한등급) VALUES ('15748', '강은비', '920816-8901234', '고등학교 졸업', '사원', '103', '1');
INSERT INTO 직원 (직원번호, 직원명, 주민등록번호, 최종학력, 직위, 소속부서, 정보권한등급) VALUES ('52347', '최승훈', '810929-9012345', '대학교 졸업 (시스템 분석)', '사원', '103', '1');
INSERT INTO 직원 (직원번호, 직원명, 주민등록번호, 최종학력, 직위, 소속부서, 정보권한등급) VALUES ('41856', '김은서', '931210-0123456', '대학교 졸업 (시스템 분석)', '대리', '103', '1');
INSERT INTO 직원 (직원번호, 직원명, 주민등록번호, 최종학력, 직위, 소속부서, 정보권한등급) VALUES ('53642', '정민우', '761223-1234567', '석사 졸업 (전자공학)', '경영진', '101', '1');
INSERT INTO 직원 (직원번호, 직원명, 주민등록번호, 최종학력, 직위, 소속부서, 정보권한등급) VALUES ('49173', '신유진', '980527-2345678', '고등학교 졸업', '경영진', '101', '1');
INSERT INTO 직원 (직원번호, 직원명, 주민등록번호, 최종학력, 직위, 소속부서, 정보권한등급) VALUES ('21486', '이유빈', '870720-3456789', '대학교 졸업 (컴퓨터공학)', '경영진', '101', '1');
INSERT INTO 직원 (직원번호, 직원명, 주민등록번호, 최종학력, 직위, 소속부서, 정보권한등급) VALUES ('53472', '박준혁', '800813-4567890', '고등학교 졸업', '과장', '104', '1');
INSERT INTO 직원 (직원번호, 직원명, 주민등록번호, 최종학력, 직위, 소속부서, 정보권한등급) VALUES ('46732', '손지윤', '950916-5678901', '대학교 졸업 (경영학)', '사원', '102', '1');
INSERT INTO 직원 (직원번호, 직원명, 주민등록번호, 최종학력, 직위, 소속부서, 정보권한등급) VALUES ('52198', '김재원', '751019-6789012', '대학교 졸업 (사회학)', '부장', '101', '2');
INSERT INTO 직원 (직원번호, 직원명, 주민등록번호, 최종학력, 직위, 소속부서, 정보권한등급) VALUES ('37645', '최수민', '971230-7890123', '대학교 졸업 (물리학)', '사원', '104', '1');
INSERT INTO 직원 (직원번호, 직원명, 주민등록번호, 최종학력, 직위, 소속부서, 정보권한등급) VALUES ('51432', '강하늘', '910312-8901234', '고등학교 졸업', '과장', '104', '1');
INSERT INTO 직원 (직원번호, 직원명, 주민등록번호, 최종학력, 직위, 소속부서, 정보권한등급) VALUES ('25693', '정서영', '811405-9012345', '석사 졸업 (예술학)', '대리', '102', '1');
INSERT INTO 직원 (직원번호, 직원명, 주민등록번호, 최종학력, 직위, 소속부서, 정보권한등급) VALUES ('51374', '신재현', '960207-0123456', '석사 졸업 (의학)', '대리', '104', '1');
INSERT INTO 직원 (직원번호, 직원명, 주민등록번호, 최종학력, 직위, 소속부서, 정보권한등급) VALUES ('42935', '윤가온', '890520-1234567', '석사 졸업 (전자공학)', '사원', '101', '1');
INSERT INTO 직원 (직원번호, 직원명, 주민등록번호, 최종학력, 직위, 소속부서, 정보권한등급) VALUES ('54732', '이수민', '910602-2345678', '석사 졸업 (물리학)', '사원', '104', '1');
INSERT INTO 직원 (직원번호, 직원명, 주민등록번호, 최종학력, 직위, 소속부서, 정보권한등급) VALUES ('39275', '나지훈', '840715-3456789', '대학교 졸업 (전기공학)', '사원', '101', '1');
INSERT INTO 직원 (직원번호, 직원명, 주민등록번호, 최종학력, 직위, 소속부서, 정보권한등급) VALUES ('52184', '임윤서', '770208-4567890', '대학교 졸업 (인문학)', '대리', '104', '1');
INSERT INTO 직원 (직원번호, 직원명, 주민등록번호, 최종학력, 직위, 소속부서, 정보권한등급) VALUES ('48136', '박지훈', '001021-5678901', '고등학교 졸업', '과장', '101', '1');
INSERT INTO 직원 (직원번호, 직원명, 주민등록번호, 최종학력, 직위, 소속부서, 정보권한등급) VALUES ('53924', '한수빈', '990722-6789012', '석사 졸업 (화학)', '대리', '102', '1');
INSERT INTO 직원 (직원번호, 직원명, 주민등록번호, 최종학력, 직위, 소속부서, 정보권한등급) VALUES ('42759', '김하린', '890805-7890123', '석사 졸업 (물리학)', '사원', '104', '1');
INSERT INTO 직원 (직원번호, 직원명, 주민등록번호, 최종학력, 직위, 소속부서, 정보권한등급) VALUES ('56142', '정준호', '920918-8901234', '석사 졸업 (의학)', '과장', '102', '1');
INSERT INTO 직원 (직원번호, 직원명, 주민등록번호, 최종학력, 직위, 소속부서, 정보권한등급) VALUES ('31462', '손시우', '811031-9012345', '대학교 졸업 (인문학)', '차장', '101', '1');
INSERT INTO 직원 (직원번호, 직원명, 주민등록번호, 최종학력, 직위, 소속부서, 정보권한등급) VALUES ('49827', '최현준', '931223-0123456', '고등학교 졸업', '대리', '104', '1');
INSERT INTO 직원 (직원번호, 직원명, 주민등록번호, 최종학력, 직위, 소속부서, 정보권한등급) VALUES ('52731', '강지민', '770303-1234567', '고등학교 졸업', '차장', '102', '1');
INSERT INTO 직원 (직원번호, 직원명, 주민등록번호, 최종학력, 직위, 소속부서, 정보권한등급) VALUES ('41625', '신동현', '980628-2345678', '대학교 졸업 (전기공학)', '부장', '102', '2');
INSERT INTO 직원 (직원번호, 직원명, 주민등록번호, 최종학력, 직위, 소속부서, 정보권한등급) VALUES ('53124', '이서희', '870821-3456789', '고등학교 졸업', '대리', '104', '1');
INSERT INTO 직원 (직원번호, 직원명, 주민등록번호, 최종학력, 직위, 소속부서, 정보권한등급) VALUES ('48972', '박하늘', '800903-4567890', '고등학교 졸업', '부장', '104', '2');
INSERT INTO 직원 (직원번호, 직원명, 주민등록번호, 최종학력, 직위, 소속부서, 정보권한등급) VALUES ('45723', '황지우', '951016-5678901', '석사 졸업 (화학)', '차장', '102', '2');
INSERT INTO 직원 (직원번호, 직원명, 주민등록번호, 최종학력, 직위, 소속부서, 정보권한등급) VALUES ('52137', '김예린', '751129-6789012', '대학교 졸업 (사회학)', '차장', '102', '1');
INSERT INTO 직원 (직원번호, 직원명, 주민등록번호, 최종학력, 직위, 소속부서, 정보권한등급) VALUES ('37241', '정도현', '971231-7890123', '고등학교 졸업', '사원', '102', '1');
INSERT INTO 직원 (직원번호, 직원명, 주민등록번호, 최종학력, 직위, 소속부서, 정보권한등급) VALUES ('50814', '신가은', '910413-8901234', '대학교 졸업 (인문학)', '과장', '101', '1');
INSERT INTO 직원 (직원번호, 직원명, 주민등록번호, 최종학력, 직위, 소속부서, 정보권한등급) VALUES ('53146', '윤준호', '811506-9012345', '대학교 졸업 (경영학)', '대리', '102', '1');
INSERT INTO 직원 (직원번호, 직원명, 주민등록번호, 최종학력, 직위, 소속부서, 정보권한등급) VALUES ('49635', '이하윤', '960308-0123456', '고등학교 졸업', '사원', '104', '1');

INSERT INTO 회원정보 (ID, 직원사번, 비밀번호, 전화번호, 생년월일, 이메일) VALUES ('User123ID', '39248', 'j5iFw8yN3', '010-3456-7890', '1995-01-01', 'finance_expert@emailservice.co.uk');
INSERT INTO 회원정보 (ID, 직원사번, 비밀번호, 전화번호, 생년월일, 이메일) VALUES ('AlphaPilot007', '50328', 'm7oX4v1w8', '010-1573-4811', '1988-02-15', 'esports_gamer@emailprovider.net');
INSERT INTO 회원정보 (ID, 직원사번, 비밀번호, 전화번호, 생년월일, 이메일) VALUES ('SunshineCoder', '23654', 'q9rC2t6z5', '010-1098-7654', '1991-03-27', 'gourmet_foodie@emailhosting.co.uk');
INSERT INTO 회원정보 (ID, 직원사번, 비밀번호, 전화번호, 생년월일, 이메일) VALUES ('LunarExplorer23', '41379', 'w1hR9tU1y', '010-6123-2239', '1984-04-30', 'tech_enthusiast@emailprovider.org');
INSERT INTO 회원정보 (ID, 직원사번, 비밀번호, 전화번호, 생년월일, 이메일) VALUES ('QuantumLeap42', '47851', '6sK8eJ3rXo', '010-2356-7225', '1977-05-12', 'finance_analyst@emailprovider.com');
INSERT INTO 회원정보 (ID, 직원사번, 비밀번호, 전화번호, 생년월일, 이메일) VALUES ('SilverSpectre99', '52136', 'nT1dA9yZ7g', '010-2456-3310', '1999-06-23', 'health_and_wellness_expert@emailprovider.net');
INSERT INTO 회원정보 (ID, 직원사번, 비밀번호, 전화번호, 생년월일, 이메일) VALUES ('ElectricWizard', '15382', '4jX7pGqHl', '010-1048-3151', '1989-07-06', 'mindfulness_practitioner@emailhosting.org');
INSERT INTO 회원정보 (ID, 직원사번, 비밀번호, 전화번호, 생년월일, 이메일) VALUES ('MidnightRider88', '46985', 'uO5vS1iC2g', '010-5241-1332', '1992-08-19', 'fashion_blogger@emailhosting.net');
INSERT INTO 회원정보 (ID, 직원사번, 비밀번호, 전화번호, 생년월일, 이메일) VALUES ('DataDiva2023', '28764', '3mY8pNqZ2s', '010-5414-5134', '1981-09-22', 'fitness_blogger@emailprovider.com');
INSERT INTO 회원정보 (ID, 직원사번, 비밀번호, 전화번호, 생년월일, 이메일) VALUES ('TechTornado55', '52417', 'rL6aD7vB9o', '010-1235-7659', '1993-10-03', 'gaming_pro@emailservice.co.uk');
INSERT INTO 회원정보 (ID, 직원사번, 비밀번호, 전화번호, 생년월일, 이메일) VALUES ('CosmicNomad123', '34127', '5iH4bN2rW2', '010-1459-1124', '1976-11-16', 'tech_innovator@emailhosting.net');
INSERT INTO 회원정보 (ID, 직원사번, 비밀번호, 전화번호, 생년월일, 이메일) VALUES ('SilentNinja789', '48532', 'cE19fP5vRg', '010-4567-8913', '1998-02-17', 'tech_geek@emailservice.net');
INSERT INTO 회원정보 (ID, 직원사번, 비밀번호, 전화번호, 생년월일, 이메일) VALUES ('StarlightDreamer', '50974', 'dJ0yA7wB8', '010-4333-0138', '1987-03-31', 'fitness_blogger@emailprovider.com');
INSERT INTO 회원정보 (ID, 직원사번, 비밀번호, 전화번호, 생년월일, 이메일) VALUES ('RadiantGeek', '25684', '3nU8oCz5aR', '010-1198-7332', '1980-04-14', 'sports_fanatic@emailservice.org');
INSERT INTO 회원정보 (ID, 직원사번, 비밀번호, 전화번호, 생년월일, 이메일) VALUES ('CodePhoenix456', '42761', 'sH6wGf0bL', '010-1543-2491', '1994-05-25', 'health_and_wellness_expert@emailprovider.net');
INSERT INTO 회원정보 (ID, 직원사번, 비밀번호, 전화번호, 생년월일, 이메일) VALUES ('MysticHawk321', '51834', 'xO2mP7gF8y', '010-3465-1342', '1975-06-08', 'music_producer@emailprovider.org');
INSERT INTO 회원정보 (ID, 직원사번, 비밀번호, 전화번호, 생년월일, 이메일) VALUES ('NeonByte444', '14657', '9u1jN2aX6', '010-4555-4133', '1997-07-19', 'tech_enthusiast@emailprovider.org');
INSERT INTO 회원정보 (ID, 직원사번, 비밀번호, 전화번호, 생년월일, 이메일) VALUES ('InfiniteCoder777', '38516', '5v8wY0tZ', '010-5987-4554', '1990-08-01', 'alice.smith@example.org');
INSERT INTO 회원정보 (ID, 직원사번, 비밀번호, 전화번호, 생년월일, 이메일) VALUES ('CyberScribe246', '46785', 'kH3jL2s4y', '010-7990-1234', '1981-09-22', 'support_helpdesk@emailhosting.com');
INSERT INTO 회원정보 (ID, 직원사번, 비밀번호, 전화번호, 생년월일, 이메일) VALUES ('DigitalVoyager111', '15947', '7u4wB1zKg', '010-8765-4812', '1995-12-25', 'gourmet_foodie@emailhosting.co.uk');
INSERT INTO 회원정보 (ID, 직원사번, 비밀번호, 전화번호, 생년월일, 이메일) VALUES ('CodeHarmony666', '49215', '6xZ9dA8jG1', '010-2778-6789', '1988-12-29', 'fashion_blogger@emailhosting.net');
INSERT INTO 회원정보 (ID, 직원사번, 비밀번호, 전화번호, 생년월일, 이메일) VALUES ('TechSphinx888', '34681', 'pV3tXr02o', '010-5678-5829', '1991-10-11', 'movie_producer@emailprovider.com');
INSERT INTO 회원정보 (ID, 직원사번, 비밀번호, 전화번호, 생년월일, 이메일) VALUES ('SilverArrow333', '51247', '7yR5pS8qJ', '010-6676-5432', '1984-12-03', 'finance_analyst@emailprovider.com');
INSERT INTO 회원정보 (ID, 직원사번, 비밀번호, 전화번호, 생년월일, 이메일) VALUES ('ByteBlaze222', '42981', '4z0wM2lC6g', '010-3457-5790', '1977-11-24', 'gaming_enthusiast@emailprovider.org');
INSERT INTO 회원정보 (ID, 직원사번, 비밀번호, 전화번호, 생년월일, 이메일) VALUES ('QuantumPioneer', '56321', 'kU8dN9b4y', '010-3446-1390', '2000-03-20', 'startup_ceo@emailhosting.com');
INSERT INTO 회원정보 (ID, 직원사번, 비밀번호, 전화번호, 생년월일, 이메일) VALUES ('EchoEnigma555', '18754', 'tO86yH3rVq', '010-9755-3563', '1999-04-21', 'movie_buff@emailservice.co.uk');
INSERT INTO 회원정보 (ID, 직원사번, 비밀번호, 전화번호, 생년월일, 이메일) VALUES ('CyberneticWanderer', '43276', 'hT2iE7j4p', '010-3672-8301', '1989-05-04', 'coding_innovator@emailhosting.com');
INSERT INTO 회원정보 (ID, 직원사번, 비밀번호, 전화번호, 생년월일, 이메일) VALUES ('TurboTechie777', '51689', '1zQ5lI8g', '010-9876-5442', '1992-06-17', 'lifestyle_entrepreneur@emailhosting.net');
INSERT INTO 회원정보 (ID, 직원사번, 비밀번호, 전화번호, 생년월일, 이메일) VALUES ('BinarySculptor444', '36571', 'k3R7u2pY4', '010-8765-3421', '1981-07-30', 'design_enthusiast@emailservice.co.uk');
INSERT INTO 회원정보 (ID, 직원사번, 비밀번호, 전화번호, 생년월일, 이메일) VALUES ('CipherSeeker123', '49728', 'a5H9n4D2', '010-5144-1410', '1993-11-10', 'socialmedia.manager@emailprovider.co.uk');
INSERT INTO 회원정보 (ID, 직원사번, 비밀번호, 전화번호, 생년월일, 이메일) VALUES ('NovaStrider789', '53842', 'm6Z1s8T3', '010-9213-4321', '1976-12-04', 'eco_warrior@emailprovider.org');
INSERT INTO 회원정보 (ID, 직원사번, 비밀번호, 전화번호, 생년월일, 이메일) VALUES ('LunarLoom666', '47126', 'b0P3l7E2', '010-6232-2109', '1998-04-26', 'travel_consultant@emailservice.co.uk');
INSERT INTO 회원정보 (ID, 직원사번, 비밀번호, 전화번호, 생년월일, 이메일) VALUES ('CodeOracle456', '21573', 's8I1c3D5', '010-1365-7328', '1987-05-08', 'fashion_enthusiast@emailservice.co.uk');
INSERT INTO 회원정보 (ID, 직원사번, 비밀번호, 전화번호, 생년월일, 이메일) VALUES ('NebulaNinja111', '53621', 'f2O9n4V8', '010-3475-7831', '1980-06-21', 'science_buff@emailprovider.net');
INSERT INTO 회원정보 (ID, 직원사번, 비밀번호, 전화번호, 생년월일, 이메일) VALUES ('QuantumQuest555', '27135', 't4X7j2W1', '010-4654-3321', '1994-07-04', 'tech_enthusiast@emailprovider.org');
INSERT INTO 회원정보 (ID, 직원사번, 비밀번호, 전화번호, 생년월일, 이메일) VALUES ('StellarScribe333', '49832', 'g9U1w8R3', '010-5586-9321', '1975-09-28', 'space_enthusiast@emailhosting.org');
INSERT INTO 회원정보 (ID, 직원사번, 비밀번호, 전화번호, 생년월일, 이메일) VALUES ('BinaryBard246', '34768', 'e3I0p6G8', '010-6543-2109', '1997-09-28', 'foodie_cook@emailservice.co.uk');
INSERT INTO 회원정보 (ID, 직원사번, 비밀번호, 전화번호, 생년월일, 이메일) VALUES ('InfinityPilot2023', '51293', 'h2Y6m7T8', '010-2314-5121', '1990-11-01', 'social_media_influencer@emailhosting.org');
INSERT INTO 회원정보 (ID, 직원사번, 비밀번호, 전화번호, 생년월일, 이메일) VALUES ('LunarLegend789', '23961', 'b4F7q2E9', '010-3134-2454', '1981-10-04', 'health_and_fitness_trainer@emailhosting.org');
INSERT INTO 회원정보 (ID, 직원사번, 비밀번호, 전화번호, 생년월일, 이메일) VALUES ('CyberneticSphinx', '46587', 'p8R6k1F2', '010-8667-2343', '1995-12-25', 'bookworm_reader@emailservice.net');
INSERT INTO 회원정보 (ID, 직원사번, 비밀번호, 전화번호, 생년월일, 이메일) VALUES ('ByteBard111', '52147', 'l5U2h3Q7', '010-1345-7080', '1988-03-08', 'movie_producer@emailprovider.com');
INSERT INTO 회원정보 (ID, 직원사번, 비밀번호, 전화번호, 생년월일, 이메일) VALUES ('QuantumQuasar444', '39741', 'f1O4t9L2', '010-1234-5678', '1991-04-21', 'finance_analyst@emailprovider.com');
INSERT INTO 회원정보 (ID, 직원사번, 비밀번호, 전화번호, 생년월일, 이메일) VALUES ('CosmicCoder666', '53871', 'a3S8r7Z2', '010-4321-0987', '1984-10-04', 'tech_entrepreneur@emailservice.com');
INSERT INTO 회원정보 (ID, 직원사번, 비밀번호, 전화번호, 생년월일, 이메일) VALUES ('ElectricEcho2023', '17854', 'h9T3c2G6', '010-4812-2819', '1977-12-03', 'marketing_team@emailservice.net');
INSERT INTO 회원정보 (ID, 직원사번, 비밀번호, 전화번호, 생년월일, 이메일) VALUES ('InfiniteVortex555', '49378', 'n7V1x2J9', '010-5492-1219', '2000-04-30', 'travel_enthusiast@emailhosting.com');
INSERT INTO 회원정보 (ID, 직원사번, 비밀번호, 전화번호, 생년월일, 이메일) VALUES ('StarlightSeeker', '35682', 'w1K3o2P7', '010-1355-0137', '1999-05-31', 'lifestyle_entrepreneur@emailhosting.net');
INSERT INTO 회원정보 (ID, 직원사번, 비밀번호, 전화번호, 생년월일, 이메일) VALUES ('DataDynamo246', '52461', 'c2M4e8G1', '010-4323-3514', '1989-06-13', 'sustainability_activist@emailprovider.org');
INSERT INTO 회원정보 (ID, 직원사번, 비밀번호, 전화번호, 생년월일, 이메일) VALUES ('NovaNomad333', '46137', 's3U1r7H8', '010-3446-5152', '1992-07-26', 'finance_enthusiast@emailservice.net');
INSERT INTO 회원정보 (ID, 직원사번, 비밀번호, 전화번호, 생년월일, 이메일) VALUES ('SilentScripter789', '23517', 'd5J2h8N9', '010-1564-2846', '1981-08-29', 'tech_journalist@emailservice.co.uk');
INSERT INTO 회원정보 (ID, 직원사번, 비밀번호, 전화번호, 생년월일, 이메일) VALUES ('BinaryBlaze222', '48921', 'r4N2q6B7', '010-5676-1029', '1993-10-11', 'diy_homeimprovement@emailprovider.org');
INSERT INTO 회원정보 (ID, 직원사번, 비밀번호, 전화번호, 생년월일, 이메일) VALUES ('MysticMind123', '51487', 'y7R2p3F8', '010-1767-3461', '1976-12-23', 'health_and_wellness_expert@emailprovider.net');
INSERT INTO 회원정보 (ID, 직원사번, 비밀번호, 전화번호, 생년월일, 이메일) VALUES ('QuantumQuill777', '36254', 'n8T3b2V1', '010-2045-0349', '1998-06-28', 'astronomy_buff@emailprovider.co.uk');
INSERT INTO 회원정보 (ID, 직원사번, 비밀번호, 전화번호, 생년월일, 이메일) VALUES ('DigitalDreamer456', '48715', 'z4Q1x2C9', '010-0065-4719', '1987-07-19', 'adventure_seeker@emailhosting.com');
INSERT INTO 회원정보 (ID, 직원사번, 비밀번호, 전화번호, 생년월일, 이메일) VALUES ('CyberCipher555', '35127', 'b5M6g8K1', '010-3456-2931', '1980-09-03', 'diy_homegardener@emailprovider.com');
INSERT INTO 회원정보 (ID, 직원사번, 비밀번호, 전화번호, 생년월일, 이메일) VALUES ('EchoEnigma111', '52436', 'o7W8l0D4', '010-3415-6142', '1994-08-15', 'music_producer@emailprovider.org');
INSERT INTO 회원정보 (ID, 직원사번, 비밀번호, 전화번호, 생년월일, 이메일) VALUES ('ByteBlaze333', '41835', 'c8H6a3S7', '010-1418-4544', '1975-09-28', 'history_buff@emailprovider.com');
INSERT INTO 회원정보 (ID, 직원사번, 비밀번호, 전화번호, 생년월일, 이메일) VALUES ('QuantumQuest789', '56921', '3U2z1M6', '010-1291-5678', '1997-11-19', 'political_activist@emailhosting.co.uk');
INSERT INTO 회원정보 (ID, 직원사번, 비밀번호, 전화번호, 생년월일, 이메일) VALUES ('MyMind828', '17345', '1v9B2y8', '010-5348-4311', '1990-12-30', 'fashion_entrepreneur@emailprovider.net');
INSERT INTO 회원정보 (ID, 직원사번, 비밀번호, 전화번호, 생년월일, 이메일) VALUES ('SilentSphinx246', '52174', 'k5O8p7A2', '010-1293-8890', '1981-05-06', 'travel_photographer@emailhosting.net');
INSERT INTO 회원정보 (ID, 직원사번, 비밀번호, 전화번호, 생년월일, 이메일) VALUES ('CodeComet666', '49835', 'i4J9r2X1', '010-9688-5882', '1996-02-07', 'hr_recruiter@emailhosting.com');
INSERT INTO 회원정보 (ID, 직원사번, 비밀번호, 전화번호, 생년월일, 이메일) VALUES ('ElectricEcho456', '24635', '0f3P7q2', '010-7567-7901', '1989-04-19', 'tech_scientist@emailhosting.co.uk');
INSERT INTO 회원정보 (ID, 직원사번, 비밀번호, 전화번호, 생년월일, 이메일) VALUES ('BinaryBard555', '51379', 'r7E8k2T1', '010-8776-1293', '1991-05-31', 'gaming_pro@emailservice.co.uk');
INSERT INTO 회원정보 (ID, 직원사번, 비밀번호, 전화번호, 생년월일, 이메일) VALUES ('LunarLoom111', '38754', 'a2W6h1F9', '010-7780-1288', '1984-10-04', 'nature_lover@emailprovider.net');
INSERT INTO 회원정보 (ID, 직원사번, 비밀번호, 전화번호, 생년월일, 이메일) VALUES ('QuantumQuasar789', '52947', 'n5U1y9Z2', '010-7887-8834', '1977-01-24', 'book_lover@emailservice.co.uk');
INSERT INTO 회원정보 (ID, 직원사번, 비밀번호, 전화번호, 생년월일, 이메일) VALUES ('CosmicCoder246', '46128', '7t3G8w6', '010-7440-1293', '2000-10-21', 'fitness_blogger@emailprovider.com');
INSERT INTO 회원정보 (ID, 직원사번, 비밀번호, 전화번호, 생년월일, 이메일) VALUES ('InfiniteVortex333', '53421', '5s9M4f1', '010-4587-7241', '1999-06-10', 'travel_blogger@emailprovider.co.uk');
INSERT INTO 회원정보 (ID, 직원사번, 비밀번호, 전화번호, 생년월일, 이메일) VALUES ('StarlightSeeker123', '48256', '8s2A6h7', '010-2193-8390', '1989-07-22', 'coding_enthusiast@emailhosting.co.uk');
INSERT INTO 회원정보 (ID, 직원사번, 비밀번호, 전화번호, 생년월일, 이메일) VALUES ('DataDynamo777', '15748', 'p1C4k2Q9', '010-6542-2309', '1992-08-16', 'tech_enthusiast@emailprovider.com');
INSERT INTO 회원정보 (ID, 직원사번, 비밀번호, 전화번호, 생년월일, 이메일) VALUES ('NovaNomad2023', '52347', 'x5L8g2I1', '010-7544-1423', '1981-09-29', 'fashion_blogger@emailhosting.net');
INSERT INTO 회원정보 (ID, 직원사번, 비밀번호, 전화번호, 생년월일, 이메일) VALUES ('SilentScripter456', '41856', 'h7F8l4T2', '010-2489-1232', '1993-12-10', 'developer_456@example.org');
INSERT INTO 회원정보 (ID, 직원사번, 비밀번호, 전화번호, 생년월일, 이메일) VALUES ('MysticMind555', '53642', 'j2P3r8Q1', '010-1034-7344', '1976-12-23', 'art_gallery_owner@emailprovider.org');
INSERT INTO 회원정보 (ID, 직원사번, 비밀번호, 전화번호, 생년월일, 이메일) VALUES ('QuantumQuill789', '49173', 'u5W9b1O4', '010-3346-7340', '1998-06-28', 'tech_geek@emailservice.net');
INSERT INTO 회원정보 (ID, 직원사번, 비밀번호, 전화번호, 생년월일, 이메일) VALUES ('DigitalDreamer111', '21486', '4z1X2c9', '010-1348-7254', '1987-08-21', 'fashion_entrepreneur@emailprovider.net');
INSERT INTO 회원정보 (ID, 직원사번, 비밀번호, 전화번호, 생년월일, 이메일) VALUES ('CyberCipher246', '53472', '6s7I2v8', '010-1038-7624', '1980-09-03', 'food_blogger@emailhosting.com');
INSERT INTO 회원정보 (ID, 직원사번, 비밀번호, 전화번호, 생년월일, 이메일) VALUES ('EchoEnigma333', '46732', 'd8O2n1V6', '010-1133-7234', '1995-10-16', 'space_explorer@emailservice.co.uk');
INSERT INTO 회원정보 (ID, 직원사번, 비밀번호, 전화번호, 생년월일, 이메일) VALUES ('ByteBlaze2023', '52198', 'l9T1g6K2', '010-5223-2343', '1975-11-29', 'wellness_coordinator@emailprovider.co.uk');
INSERT INTO 회원정보 (ID, 직원사번, 비밀번호, 전화번호, 생년월일, 이메일) VALUES ('QuantumQuest123', '37645', '1z8S7q2E9', '010-7356-9210', '1997-12-31', 'travel_blogger@emailprovider.co.uk');
INSERT INTO 회원정보 (ID, 직원사번, 비밀번호, 전화번호, 생년월일, 이메일) VALUES ('MysticMind456', '51432', 'k5U2y8H1', '010-3414-5678', '1991-03-12', 'travel_enthusiast@emailhosting.com');
INSERT INTO 회원정보 (ID, 직원사번, 비밀번호, 전화번호, 생년월일, 이메일) VALUES ('SilentSphinx555', '25693', 't4O7b1F2', '010-4664-2628', '1981-04-05', 'health_freak@emailservice.co.uk');
INSERT INTO 회원정보 (ID, 직원사번, 비밀번호, 전화번호, 생년월일, 이메일) VALUES ('CodeComet789', '51374', 'g8N9r2C6', '010-4567-8901', '1996-02-07', 'webmaster1234@emailhosting.com');
INSERT INTO 회원정보 (ID, 직원사번, 비밀번호, 전화번호, 생년월일, 이메일) VALUES ('ElectricEcho246', '42935', '1z2L6y7', '010-5678-4321', '1989-05-20', 'environmental_scientist@emailprovider.org');
INSERT INTO 회원정보 (ID, 직원사번, 비밀번호, 전화번호, 생년월일, 이메일) VALUES ('BinaryBard111', '54732', 'h3T7c2G8', '010-1752-5442', '1991-06-02', 'art_gallery_owner@emailprovider.org');
INSERT INTO 회원정보 (ID, 직원사번, 비밀번호, 전화번호, 생년월일, 이메일) VALUES ('Lunar2118', '39275', 'p1R4f9W2', '010-1654-5478', '1984-07-15', 'sustainability_activist@emailprovider.org');
INSERT INTO 회원정보 (ID, 직원사번, 비밀번호, 전화번호, 생년월일, 이메일) VALUES ('QuantumQuasar333', '52184', '2h7M6z8', '010-7467-4356', '1977-08-08', 'health_and_fitness_trainer@emailhosting.org');
INSERT INTO 회원정보 (ID, 직원사번, 비밀번호, 전화번호, 생년월일, 이메일) VALUES ('CosmicCoder123', '48136', 'q2A8k1', '010-6353-6301', '2000-10-21', 'language_learner@emailservice.net');
INSERT INTO 회원정보 (ID, 직원사번, 비밀번호, 전화번호, 생년월일, 이메일) VALUES ('InfiniteVortex2023', '53924', 'w3E9l2D1', '010-3433-1234', '1999-07-22', 'tech_support@emailhosting.net');
INSERT INTO 회원정보 (ID, 직원사번, 비밀번호, 전화번호, 생년월일, 이메일) VALUES ('StarlightSeeker777', '42759', 'n4V1x2J6', '010-6245-7463', '1989-08-05', 'tech_enthusiast@emailprovider.com');
INSERT INTO 회원정보 (ID, 직원사번, 비밀번호, 전화번호, 생년월일, 이메일) VALUES ('DataDynamo456', '56142', 'r7F1g2B9', '010-1514-5618', '1992-09-18', 'diy_homeimprovement@emailprovider.org');
INSERT INTO 회원정보 (ID, 직원사번, 비밀번호, 전화번호, 생년월일, 이메일) VALUES ('NovaNomad111', '31462', 'y5R6p1F8', '010-5444-5578', '1981-10-31', 'lifestyle_entrepreneur@emailhosting.net');
INSERT INTO 회원정보 (ID, 직원사번, 비밀번호, 전화번호, 생년월일, 이메일) VALUES ('SilentScripter333', '49827', 'c2O1w8', '010-4321-0987', '1993-12-23', 'book_lover@emailservice.co.uk');
INSERT INTO 회원정보 (ID, 직원사번, 비밀번호, 전화번호, 생년월일, 이메일) VALUES ('MysticMind789', '52731', '3I0p6G8', '010-1098-7654', '1977-03-03', 'info_company@emailprovider.co.uk');
INSERT INTO 회원정보 (ID, 직원사번, 비밀번호, 전화번호, 생년월일, 이메일) VALUES ('QuantumQuill456', '41625', 'b1Y2m7', '010-3244-7322', '1998-06-28', 'foodie_cook@emailservice.co.uk');
INSERT INTO 회원정보 (ID, 직원사번, 비밀번호, 전화번호, 생년월일, 이메일) VALUES ('DigitalDreamer555', '53124', 'f9H3q2', '010-6113-3429', '1987-08-21', 'space_explorer@emailservice.co.uk');
INSERT INTO 회원정보 (ID, 직원사번, 비밀번호, 전화번호, 생년월일, 이메일) VALUES ('CyberCipher123', '48972', 'v8R6k1', '010-1773-3464', '1980-09-03', 'startup_ceo@emailhosting.com');
INSERT INTO 회원정보 (ID, 직원사번, 비밀번호, 전화번호, 생년월일, 이메일) VALUES ('EchoEnigma789', '45723', 'u5U2h3', '010-2345-6789', '1995-10-16', 'startup_entrepreneur@emailhosting.com');
INSERT INTO 회원정보 (ID, 직원사번, 비밀번호, 전화번호, 생년월일, 이메일) VALUES ('ByteBlaze666', '52137', 'o7T8l0', '010-1415-1483', '1975-11-29', 'tech_geek@emailservice.net');
INSERT INTO 회원정보 (ID, 직원사번, 비밀번호, 전화번호, 생년월일, 이메일) VALUES ('QuantumQuest246', '37241', 'i4O9t1', '010-3456-6778', '1997-12-31', 'tech_geek@emailservice.net');
INSERT INTO 회원정보 (ID, 직원사번, 비밀번호, 전화번호, 생년월일, 이메일) VALUES ('MysticMind2023', '50814', 'x2J9h8', '010-7330-8445', '1991-04-13', 'john.doe@emailprovider.net');
INSERT INTO 회원정보 (ID, 직원사번, 비밀번호, 전화번호, 생년월일, 이메일) VALUES ('SilentSphinx111', '53146', '2N2q6B7', '010-5148-1521', '1981-05-06', 'nature_lover@emailprovider.net');
INSERT INTO 회원정보 (ID, 직원사번, 비밀번호, 전화번호, 생년월일, 이메일) VALUES ('CodeComet555', '49635', '7R2p3F8', '010-8553-5432', '1996-03-08', 'coding_enthusiast@emailhosting.co.uk');

insert into 발주처 values (10001, 'ABC 발주처', '010-4243-5678', 'abc@company.com');
insert into 발주처 values (10002, 'XYZ Company', '02-9876-5432', 'xyz@company.com');
insert into 발주처 values (10003, 'EFG Partners', '031-1111-2222', 'efg@partners.com');
insert into 발주처 values (10004, 'LMN Corporation', '051-5555-6666', 'lmn@corporation.com');
insert into 발주처 values (10005, 'PQR Suppliers', '02-3333-4444', 'pqr@suppliers.com');
insert into 발주처 values (10006, 'UVW Enterprises', '032-7777-8888', 'uvw@enterprises.com');
insert into 발주처 values (10007, 'JKL Industries', '053-9999-0000', 'jkl@industries.com');
insert into 발주처 values (10008, 'RST Manufacturing', '010-8888-7777', 'rst@manufacturing.com');
insert into 발주처 values (10009, 'IJK Distributors', '02-6666-5555', 'ijk@distributors.com');
insert into 발주처 values (10010, 'GHI Co., Ltd.', '031-4444-3333', 'ghi@company.co.kr');
insert into 발주처 values (10011, 'NOP Group', '010-1111-2222', 'nop@group.com');
insert into 발주처 values (10012, 'DEF Corporation', '02-5555-6666', 'def@corporation.com');
insert into 발주처 values (10013, 'MNO Enterprises', '032-7777-8888', 'mno@enterprises.com');
insert into 발주처 values (10014, 'JKL Industries', '053-9999-0000', 'jkl@industries.com');
insert into 발주처 values (10015, 'QRS Ltd.', '010-8888-7777', 'qrs@ltd.com');

insert into 직무 values (10, 'PM');
insert into 직무 values (11, 'PL');
insert into 직무 values (12, '분석자');
insert into 직무 values (13, '설계자');
insert into 직무 values (14, '프로그래머');
insert into 직무 values (15, '테스터');
insert into 직무 values (16, '데이터 엔지니어');
insert into 직무 values (17, '보안 엔지니어');
insert into 직무 values (18, '클라우드 엔지니어');
insert into 직무 values (19, 'UI/UX 디자이너');
insert into 직무 values (20, '품질 보증(QA) 엔지니어');

insert into 프로젝트 values (10001,'프로젝트1','2023/10/16','2023/10/24',10005);
insert into 프로젝트 values (10002,'프로젝트2','2023/10/25','2023/10/28',10015);
insert into 프로젝트 values (10003,'프로젝트3','2023/10/18','2023/10/19',10009);
insert into 프로젝트 values (10004,'프로젝트4','2023/10/01','2023/10/22',10010);
insert into 프로젝트 values (10005,'프로젝트5','2023/10/03','2023/10/14',10002);
insert into 프로젝트 values (10006,'프로젝트6','2023/10/19','2023/10/25',10001);
insert into 프로젝트 values (10007,'프로젝트7','2023/10/05','2023/10/25',10014);
insert into 프로젝트 values (10008,'프로젝트8','2023/11/04','2023/11/15',10008);
insert into 프로젝트 values (10009,'프로젝트9','2023/11/18','2023/11/27',10010);
insert into 프로젝트 values (10010,'프로젝트10','2023/11/06','2023/11/21',10011);
insert into 프로젝트 values (10011,'프로젝트11','2023/11/08','2023/11/22',10011);
insert into 프로젝트 values (10012,'프로젝트12','2023/11/02','2023/11/24',10004);
insert into 프로젝트 values (10013,'프로젝트13','2023/11/23','2023/11/28',10015);
insert into 프로젝트 values (10014,'프로젝트14','2023/11/26','2023/11/29',10006);
insert into 프로젝트 values (10015,'프로젝트15','2023/11/28','2023/11/28',10012);
insert into 프로젝트 values (10016,'프로젝트16','2023/11/14','2023/11/26',10014);
insert into 프로젝트 values (10017,'프로젝트17','2023/11/16','2023/12/01',10015);
insert into 프로젝트 values (10018,'프로젝트18','2023/12/13','2023/12/18',10010);
insert into 프로젝트 values (10019,'프로젝트19','2023/12/11','2023/12/27',10012);
insert into 프로젝트 values (10020,'프로젝트20','2023/12/26','2023/12/30',10014);
insert into 프로젝트 values (10021,'프로젝트21','2023/12/06','2023/12/22',10004);
insert into 프로젝트 values (10022,'프로젝트22','2023/12/29','2023/12/31',10012);
insert into 프로젝트 values (10023,'프로젝트23','2023/12/19','2023/12/22',10008);
insert into 프로젝트 values (10024,'프로젝트24','2023/12/13','2023/12/13',10007);
insert into 프로젝트 values (10025,'프로젝트25','2023/12/24','2023/12/28',10015);
insert into 프로젝트 values (10026,'프로젝트26','2023/12/10','2023/12/29',10014);
insert into 프로젝트 values (10027,'프로젝트27','2023/12/16','2024/01/01',10005);
insert into 프로젝트 values (10028,'프로젝트28','2024/01/21','2024/01/24',10012);
insert into 프로젝트 values (10029,'프로젝트29','2024/01/12','2024/01/23',10005);
insert into 프로젝트 values (10030,'프로젝트30','2024/01/01','2024/01/31',10007);
insert into 프로젝트 values (10031,'프로젝트31','2024/01/09','2024/01/11',10005);
insert into 프로젝트 values (10032,'프로젝트32','2024/01/08','2024/01/18',10005);
insert into 프로젝트 values (10033,'프로젝트33','2024/01/04','2024/01/14',10005);
insert into 프로젝트 values (10034,'프로젝트34','2024/01/28','2024/02/01',10007);
insert into 프로젝트 values (10035,'프로젝트35','2024/01/19','2024/01/23',10014);
insert into 프로젝트 values (10036,'프로젝트36','2024/01/14','2024/02/01',10011);
insert into 프로젝트 values (10037,'프로젝트37','2024/01/19','2024/01/27',10012);

insert into 프로젝트_참여정보 values (10001,23654,'2023/10/16','2023/10/24',10);
insert into 프로젝트_참여정보 values (10001,38754,'2023/10/16','2023/10/24',12);
insert into 프로젝트_참여정보 values (10001,52461,'2023/10/16','2023/10/23',13);
insert into 프로젝트_참여정보 values (10002,41379,'2023/10/25','2023/10/28',10);
insert into 프로젝트_참여정보 values (10002,56921,'2023/10/25','2023/10/28',12);
insert into 프로젝트_참여정보 values (10002,21573,'2023/10/25','2023/10/28',18);
insert into 프로젝트_참여정보 values (10003,41625,'2023/10/18','2023/10/19',10);
insert into 프로젝트_참여정보 values (10003,35127,'2023/10/18','2023/10/19',12);
insert into 프로젝트_참여정보 values (10003,56321,'2023/10/18','2023/10/19',16);
insert into 프로젝트_참여정보 values (10004,23654,'2023/10/01','2023/10/22',10);
insert into 프로젝트_참여정보 values (10004,36571,'2023/10/01','2023/10/22',12);
insert into 프로젝트_참여정보 values (10005,41379,'2023/10/03','2023/10/14',10);
insert into 프로젝트_참여정보 values (10005,50974,'2023/10/13','2023/10/14',20);
insert into 프로젝트_참여정보 values (10006,52198,'2023/10/19','2023/10/25',10);
insert into 프로젝트_참여정보 values (10007,48972,'2023/10/05','2023/10/25',10);
insert into 프로젝트_참여정보 values (10007,53621,'2023/10/12','2023/10/05',14);
insert into 프로젝트_참여정보 values (10008,41379,'2023/11/04','2023/11/15',10);
insert into 프로젝트_참여정보 values (10009,47851,'2023/11/18','2023/11/27',10);
insert into 프로젝트_참여정보 values (10009,48256,'2023/11/18','2023/11/27',12);
insert into 프로젝트_참여정보 values (10009,52417,'2023/11/18','2023/11/22',13);
insert into 프로젝트_참여정보 values (10009,53621,'2023/11/25','2023/11/27',14);
insert into 프로젝트_참여정보 values (10009,39741,'2023/11/23','2023/11/20',14);
insert into 프로젝트_참여정보 values (10009,27135,'2023/11/27','2023/11/21',14);
insert into 프로젝트_참여정보 values (10009,49728,'2023/11/21','2023/11/27',15);
insert into 프로젝트_참여정보 values (10009,51247,'2023/11/18','2023/11/27',16);
insert into 프로젝트_참여정보 values (10009,53842,'2023/11/18','2023/11/27',17);
insert into 프로젝트_참여정보 values (10009,15947,'2023/11/25','2023/11/27',20);
insert into 프로젝트_참여정보 values (10010,50328,'2023/11/06','2023/11/21',10);
insert into 프로젝트_참여정보 values (10010,49835,'2023/11/06','2023/11/21',11);
insert into 프로젝트_참여정보 values (10010,34768,'2023/11/06','2023/11/10',13);
insert into 프로젝트_참여정보 values (10010,50974,'2023/11/13','2023/11/15',14);
insert into 프로젝트_참여정보 values (10010,39248,'2023/11/06','2023/11/11',14);
insert into 프로젝트_참여정보 values (10010,56921,'2023/11/06','2023/11/21',16);
insert into 프로젝트_참여정보 values (10010,41835,'2023/11/06','2023/11/21',19);
insert into 프로젝트_참여정보 values (10010,36254,'2023/11/10','2023/11/21',20);
insert into 프로젝트_참여정보 values (10011,47851,'2023/11/08','2023/11/22',10);
insert into 프로젝트_참여정보 values (10011,15382,'2023/11/08','2023/11/22',12);
insert into 프로젝트_참여정보 values (10011,52147,'2023/11/08','2023/11/22',13);
insert into 프로젝트_참여정보 values (10011,41379,'2023/11/15','2023/11/16',14);
insert into 프로젝트_참여정보 values (10011,15947,'2023/11/15','2023/11/20',14);
insert into 프로젝트_참여정보 values (10011,50974,'2023/11/10','2023/11/22',20);
insert into 프로젝트_참여정보 values (10012,50328,'2023/11/02','2023/11/24',10);
insert into 프로젝트_참여정보 values (10012,56142,'2023/11/02','2023/11/24',11);
insert into 프로젝트_참여정보 values (10012,42761,'2023/11/02','2023/11/07',13);
insert into 프로젝트_참여정보 values (10012,23961,'2023/11/02','2023/11/24',16);
insert into 프로젝트_참여정보 values (10012,46128,'2023/11/02','2023/11/24',17);
insert into 프로젝트_참여정보 values (10012,47851,'2023/11/14','2023/11/24',20);
insert into 프로젝트_참여정보 values (10013,39248,'2023/11/23','2023/11/28',10);
insert into 프로젝트_참여정보 values (10013,53621,'2023/11/26','2023/11/26',14);
insert into 프로젝트_참여정보 values (10013,43276,'2023/11/24','2023/11/28',14);
insert into 프로젝트_참여정보 values (10013,51487,'2023/11/27','2023/11/27',14);
insert into 프로젝트_참여정보 values (10013,14657,'2023/11/23','2023/11/28',16);
insert into 프로젝트_참여정보 values (10013,49215,'2023/11/23','2023/11/28',17);
insert into 프로젝트_참여정보 values (10014,23654,'2023/11/26','2023/11/29',10);
insert into 프로젝트_참여정보 values (10014,56142,'2023/11/26','2023/11/29',11);
insert into 프로젝트_참여정보 values (10014,42761,'2023/11/26','2023/11/27',13);
insert into 프로젝트_참여정보 values (10014,51834,'2023/11/26','2023/11/26',14);
insert into 프로젝트_참여정보 values (10014,23517,'2023/11/28','2023/11/27',14);
insert into 프로젝트_참여정보 values (10015,41379,'2023/11/26','2023/11/29',10);
insert into 프로젝트_참여정보 values (10015,41856,'2023/11/26','2023/11/26',13);
insert into 프로젝트_참여정보 values (10015,50328,'2023/11/29','2023/11/27',14);
insert into 프로젝트_참여정보 values (10015,52461,'2023/11/28','2023/11/28',14);
insert into 프로젝트_참여정보 values (10015,51834,'2023/11/28','2023/11/29',15);
insert into 프로젝트_참여정보 values (10015,47851,'2023/11/26','2023/11/29',17);
insert into 프로젝트_참여정보 values (10015,34681,'2023/11/26','2023/11/29',18);
insert into 프로젝트_참여정보 values (10016,39248,'2023/11/26','2023/11/29',10);
insert into 프로젝트_참여정보 values (10016,49215,'2023/11/26','2023/11/29',12);
insert into 프로젝트_참여정보 values (10016,46587,'2023/11/27','2023/11/29',14);
insert into 프로젝트_참여정보 values (10016,51247,'2023/11/29','2023/11/29',15);
insert into 프로젝트_참여정보 values (10016,38516,'2023/11/26','2023/11/29',16);
insert into 프로젝트_참여정보 values (10016,36571,'2023/11/26','2023/11/29',19);
insert into 프로젝트_참여정보 values (10017,41379,'2023/11/26','2023/11/29',10);
insert into 프로젝트_참여정보 values (10017,48715,'2023/11/28','2023/11/29',15);
insert into 프로젝트_참여정보 values (10017,39741,'2023/11/26','2023/11/29',16);
insert into 프로젝트_참여정보 values (10017,47851,'2023/11/26','2023/11/29',18);
insert into 프로젝트_참여정보 values (10017,21573,'2023/11/26','2023/11/29',19);
insert into 프로젝트_참여정보 values (10017,49832,'2023/11/26','2023/11/29',20);
insert into 프로젝트_참여정보 values (10018,41379,'2023/11/26','2023/11/29',10);
insert into 프로젝트_참여정보 values (10018,50814,'2023/11/26','2023/11/29',11);
insert into 프로젝트_참여정보 values (10018,51247,'2023/11/26','2023/11/27',13);
insert into 프로젝트_참여정보 values (10018,43276,'2023/11/27','2023/11/28',14);
insert into 프로젝트_참여정보 values (10018,53421,'2023/11/26','2023/11/28',14);
insert into 프로젝트_참여정보 values (10018,48921,'2023/11/26','2023/11/29',15);
insert into 프로젝트_참여정보 values (10018,24635,'2023/11/26','2023/11/29',19);
insert into 프로젝트_참여정보 values (10018,49832,'2023/11/29','2023/11/29',20);
insert into 프로젝트_참여정보 values (10019,41625,'2023/11/26','2023/11/29',10);
insert into 프로젝트_참여정보 values (10019,52147,'2023/11/26','2023/11/29',13);
insert into 프로젝트_참여정보 values (10019,42981,'2023/11/27','2023/11/28',14);
insert into 프로젝트_참여정보 values (10019,48532,'2023/11/27','2023/11/27',14);
insert into 프로젝트_참여정보 values (10019,48921,'2023/11/26','2023/11/29',15);
insert into 프로젝트_참여정보 values (10019,39741,'2023/11/26','2023/11/29',17);
insert into 프로젝트_참여정보 values (10019,42761,'2023/11/26','2023/11/29',18);
insert into 프로젝트_참여정보 values (10020,47851,'2023/11/26','2023/11/29',10);
insert into 프로젝트_참여정보 values (10020,52436,'2023/11/26','2023/11/29',11);
insert into 프로젝트_참여정보 values (10020,52347,'2023/11/26','2023/11/29',12);
insert into 프로젝트_참여정보 values (10020,49835,'2023/11/26','2023/11/27',13);
insert into 프로젝트_참여정보 values (10020,47126,'2023/11/28','2023/11/29',15);
insert into 프로젝트_참여정보 values (10020,49378,'2023/11/26','2023/11/29',19);
insert into 프로젝트_참여정보 values (10020,52147,'2023/11/29','2023/11/29',20);
insert into 프로젝트_참여정보 values (10021,41625,'2023/11/26','2023/11/29',10);
insert into 프로젝트_참여정보 values (10021,47851,'2023/11/26','2023/11/29',12);
insert into 프로젝트_참여정보 values (10022,41379,'2023/11/26','2023/11/29',10);
insert into 프로젝트_참여정보 values (10022,42761,'2023/11/27','2023/11/26',14);
insert into 프로젝트_참여정보 values (10022,50328,'2023/11/29','2023/11/29',14);
insert into 프로젝트_참여정보 values (10022,42981,'2023/11/27','2023/11/28',14);
insert into 프로젝트_참여정보 values (10022,52347,'2023/11/26','2023/11/29',16);
insert into 프로젝트_참여정보 values (10022,53421,'2023/11/26','2023/11/29',17);
insert into 프로젝트_참여정보 values (10022,23654,'2023/11/26','2023/11/29',18);
insert into 프로젝트_참여정보 values (10022,53621,'2023/11/28','2023/11/29',20);
insert into 프로젝트_참여정보 values (10023,41379,'2023/11/26','2023/11/29',10);
insert into 프로젝트_참여정보 values (10023,53472,'2023/11/26','2023/11/29',11);
insert into 프로젝트_참여정보 values (10023,17854,'2023/11/26','2023/11/29',12);
insert into 프로젝트_참여정보 values (10023,49378,'2023/11/29','2023/11/26',14);
insert into 프로젝트_참여정보 values (10023,52947,'2023/11/29','2023/11/29',15);
insert into 프로젝트_참여정보 values (10023,49832,'2023/11/26','2023/11/29',18);
insert into 프로젝트_참여정보 values (10024,52198,'2023/11/26','2023/11/29',10);
insert into 프로젝트_참여정보 values (10024,56321,'2023/11/26','2023/11/29',11);
insert into 프로젝트_참여정보 values (10024,46985,'2023/11/26','2023/11/29',12);
insert into 프로젝트_참여정보 values (10024,52461,'2023/11/26','2023/11/28',14);
insert into 프로젝트_참여정보 values (10024,15382,'2023/11/29','2023/11/29',15);
insert into 프로젝트_참여정보 values (10024,52417,'2023/11/26','2023/11/29',16);
insert into 프로젝트_참여정보 values (10025,23654,'2023/11/26','2023/11/29',10);
insert into 프로젝트_참여정보 values (10025,36571,'2023/11/26','2023/11/29',12);
insert into 프로젝트_참여정보 values (10025,56921,'2023/11/26','2023/11/27',13);
insert into 프로젝트_참여정보 values (10025,52417,'2023/11/28','2023/11/28',14);
insert into 프로젝트_참여정보 values (10025,41856,'2023/11/28','2023/11/26',14);
insert into 프로젝트_참여정보 values (10025,51487,'2023/11/27','2023/11/29',15);
insert into 프로젝트_참여정보 values (10025,17854,'2023/11/26','2023/11/29',16);
insert into 프로젝트_참여정보 values (10025,52147,'2023/11/26','2023/11/29',17);
insert into 프로젝트_참여정보 values (10025,49728,'2023/11/26','2023/11/29',18);
insert into 프로젝트_참여정보 values (10025,52347,'2023/11/26','2023/11/29',19);
insert into 프로젝트_참여정보 values (10025,34768,'2023/11/26','2023/11/29',20);
insert into 프로젝트_참여정보 values (10026,41625,'2023/11/26','2023/11/29',10);
insert into 프로젝트_참여정보 values (10026,48256,'2023/11/26','2023/11/29',12);
insert into 프로젝트_참여정보 values (10026,38516,'2023/11/29','2023/11/29',15);
insert into 프로젝트_참여정보 values (10026,46985,'2023/11/26','2023/11/29',17);
insert into 프로젝트_참여정보 values (10026,56321,'2023/11/26','2023/11/29',18);
insert into 프로젝트_참여정보 values (10026,41856,'2023/11/26','2023/11/29',19);
insert into 프로젝트_참여정보 values (10027,48972,'2023/11/26','2023/11/29',10);
insert into 프로젝트_참여정보 values (10027,51689,'2023/11/26','2023/11/27',13);
insert into 프로젝트_참여정보 values (10027,51379,'2023/11/27','2023/11/29',14);
insert into 프로젝트_참여정보 values (10027,52417,'2023/11/27','2023/11/26',14);
insert into 프로젝트_참여정보 values (10027,53871,'2023/11/29','2023/11/29',14);
insert into 프로젝트_참여정보 values (10027,52136,'2023/11/26','2023/11/29',16);
insert into 프로젝트_참여정보 values (10027,35682,'2023/11/26','2023/11/29',18);
insert into 프로젝트_참여정보 values (10027,51293,'2023/11/26','2023/11/29',19);
insert into 프로젝트_참여정보 values (10027,23654,'2023/11/28','2023/11/29',20);
insert into 프로젝트_참여정보 values (10028,41625,'2023/11/26','2023/11/29',10);
insert into 프로젝트_참여정보 values (10028,51487,'2023/11/26','2023/11/29',11);
insert into 프로젝트_참여정보 values (10028,51379,'2023/11/26','2023/11/29',12);
insert into 프로젝트_참여정보 values (10028,51247,'2023/11/26','2023/11/29',14);
insert into 프로젝트_참여정보 values (10028,51293,'2023/11/26','2023/11/29',14);
insert into 프로젝트_참여정보 values (10028,53621,'2023/11/26','2023/11/27',14);
insert into 프로젝트_참여정보 values (10028,46137,'2023/11/26','2023/11/29',16);
insert into 프로젝트_참여정보 values (10028,52174,'2023/11/26','2023/11/29',19);
insert into 프로젝트_참여정보 values (10029,41625,'2023/11/26','2023/11/29',10);
insert into 프로젝트_참여정보 values (10029,53621,'2023/11/26','2023/11/29',11);
insert into 프로젝트_참여정보 values (10029,51247,'2023/11/26','2023/11/29',14);
insert into 프로젝트_참여정보 values (10029,18754,'2023/11/28','2023/11/26',14);
insert into 프로젝트_참여정보 values (10029,52174,'2023/11/27','2023/11/29',15);
insert into 프로젝트_참여정보 values (10029,53421,'2023/11/26','2023/11/29',16);
insert into 프로젝트_참여정보 values (10029,41856,'2023/11/26','2023/11/29',19);
insert into 프로젝트_참여정보 values (10030,41379,'2023/11/26','2023/11/29',10);
insert into 프로젝트_참여정보 values (10030,28764,'2023/11/27','2023/11/28',14);
insert into 프로젝트_참여정보 values (10030,23654,'2023/11/26','2023/11/27',14);
insert into 프로젝트_참여정보 values (10030,50974,'2023/11/27','2023/11/28',14);
insert into 프로젝트_참여정보 values (10030,52136,'2023/11/26','2023/11/29',16);
insert into 프로젝트_참여정보 values (10030,34681,'2023/11/26','2023/11/29',17);
insert into 프로젝트_참여정보 values (10030,46785,'2023/11/26','2023/11/29',18);
insert into 프로젝트_참여정보 values (10030,38754,'2023/11/26','2023/11/29',19);
insert into 프로젝트_참여정보 values (10030,15947,'2023/11/27','2023/11/29',20);
insert into 프로젝트_참여정보 values (10031,41379,'2023/11/26','2023/11/29',10);
insert into 프로젝트_참여정보 values (10031,46587,'2023/11/26','2023/11/29',12);
insert into 프로젝트_참여정보 values (10031,47851,'2023/11/29','2023/11/27',14);
insert into 프로젝트_참여정보 values (10031,27135,'2023/11/28','2023/11/28',14);
insert into 프로젝트_참여정보 values (10031,51379,'2023/11/26','2023/11/26',14);
insert into 프로젝트_참여정보 values (10031,43276,'2023/11/26','2023/11/29',18);
insert into 프로젝트_참여정보 values (10031,51247,'2023/11/27','2023/11/29',20);
insert into 프로젝트_참여정보 values (10032,41625,'2023/11/26','2023/11/29',10);
insert into 프로젝트_참여정보 values (10032,51432,'2023/11/26','2023/11/29',11);
insert into 프로젝트_참여정보 values (10032,46785,'2023/11/26','2023/11/26',13);
insert into 프로젝트_참여정보 values (10032,51487,'2023/11/28','2023/11/29',15);
insert into 프로젝트_참여정보 values (10032,23961,'2023/11/26','2023/11/29',16);
insert into 프로젝트_참여정보 values (10032,56321,'2023/11/26','2023/11/29',17);
insert into 프로젝트_참여정보 values (10032,39741,'2023/11/26','2023/11/29',18);
insert into 프로젝트_참여정보 values (10032,46137,'2023/11/26','2023/11/29',19);
insert into 프로젝트_참여정보 values (10032,52461,'2023/11/27','2023/11/29',20);
insert into 프로젝트_참여정보 values (10033,48972,'2023/11/26','2023/11/29',10);
insert into 프로젝트_참여정보 values (10033,52461,'2023/11/26','2023/11/29',12);
insert into 프로젝트_참여정보 values (10033,42761,'2023/11/26','2023/11/29',13);
insert into 프로젝트_참여정보 values (10033,52136,'2023/11/27','2023/11/28',14);
insert into 프로젝트_참여정보 values (10033,52174,'2023/11/28','2023/11/26',14);
insert into 프로젝트_참여정보 values (10033,15748,'2023/11/26','2023/11/29',16);
insert into 프로젝트_참여정보 values (10033,14657,'2023/11/26','2023/11/29',17);
insert into 프로젝트_참여정보 values (10033,46985,'2023/11/26','2023/11/29',18);
insert into 프로젝트_참여정보 values (10033,51247,'2023/11/26','2023/11/29',20);
insert into 프로젝트_참여정보 values (10034,23654,'2023/11/26','2023/11/29',10);
insert into 프로젝트_참여정보 values (10034,49835,'2023/11/26','2023/11/29',11);
insert into 프로젝트_참여정보 values (10034,24635,'2023/11/26','2023/11/29',12);
insert into 프로젝트_참여정보 values (10034,34127,'2023/11/29','2023/11/29',14);
insert into 프로젝트_참여정보 values (10034,49215,'2023/11/27','2023/11/27',14);
insert into 프로젝트_참여정보 values (10034,49728,'2023/11/29','2023/11/29',15);
insert into 프로젝트_참여정보 values (10034,35127,'2023/11/26','2023/11/29',17);
insert into 프로젝트_참여정보 values (10034,46985,'2023/11/26','2023/11/29',19);
insert into 프로젝트_참여정보 values (10035,23654,'2023/11/26','2023/11/29',10);
insert into 프로젝트_참여정보 values (10035,49835,'2023/11/26','2023/11/29',11);
insert into 프로젝트_참여정보 values (10035,15748,'2023/11/26','2023/11/29',12);
insert into 프로젝트_참여정보 values (10035,17854,'2023/11/26','2023/11/29',13);
insert into 프로젝트_참여정보 values (10035,36254,'2023/11/27','2023/11/26',14);
insert into 프로젝트_참여정보 values (10035,53871,'2023/11/26','2023/11/29',16);
insert into 프로젝트_참여정보 values (10035,51689,'2023/11/26','2023/11/29',19);
insert into 프로젝트_참여정보 values (10035,52436,'2023/11/26','2023/11/29',20);
insert into 프로젝트_참여정보 values (10036,48972,'2023/11/26','2023/11/29',10);
insert into 프로젝트_참여정보 values (10036,49835,'2023/11/26','2023/11/29',11);
insert into 프로젝트_참여정보 values (10036,28764,'2023/11/26','2023/11/26',14);
insert into 프로젝트_참여정보 values (10036,49378,'2023/11/26','2023/11/29',14);
insert into 프로젝트_참여정보 values (10036,41835,'2023/11/26','2023/11/29',16);
insert into 프로젝트_참여정보 values (10036,51487,'2023/11/26','2023/11/29',18);
insert into 프로젝트_참여정보 values (10036,27135,'2023/11/26','2023/11/29',19);
insert into 프로젝트_참여정보 values (10037,47851,'2023/11/26','2023/11/29',10);
insert into 프로젝트_참여정보 values (10037,52417,'2023/11/26','2023/11/26',13);
insert into 프로젝트_참여정보 values (10037,47126,'2023/11/26','2023/11/28',14);
insert into 프로젝트_참여정보 values (10037,46587,'2023/11/27','2023/11/28',14);
insert into 프로젝트_참여정보 values (10037,17854,'2023/11/27','2023/11/27',14);
insert into 프로젝트_참여정보 values (10037,49378,'2023/11/26','2023/11/29',15);
insert into 프로젝트_참여정보 values (10037,52136,'2023/11/26','2023/11/29',16);
insert into 프로젝트_참여정보 values (10037,15382,'2023/11/26','2023/11/29',17);
insert into 프로젝트_참여정보 values (10037,56921,'2023/11/26','2023/11/29',18);
insert into 프로젝트_참여정보 values (10037,17345,'2023/11/26','2023/11/29',19);
insert into 프로젝트_참여정보 values (10037,52347,'2023/11/26','2023/11/29',20);

INSERT INTO 기술분류 (기술번호, 기술이름) VALUES (11, 'HTML');
INSERT INTO 기술분류 (기술번호, 기술이름) VALUES (12, 'JavaScript');
INSERT INTO 기술분류 (기술번호, 기술이름) VALUES (13, 'React.js');
INSERT INTO 기술분류 (기술번호, 기술이름) VALUES (14, 'Angular');
INSERT INTO 기술분류 (기술번호, 기술이름) VALUES (15, 'Vue.js');
INSERT INTO 기술분류 (기술번호, 기술이름) VALUES (16, 'TypeScript');
INSERT INTO 기술분류 (기술번호, 기술이름) VALUES (17, 'Node.js');
INSERT INTO 기술분류 (기술번호, 기술이름) VALUES (18, 'Python (Django)');
INSERT INTO 기술분류 (기술번호, 기술이름) VALUES (19, 'Ruby on Rails');
INSERT INTO 기술분류 (기술번호, 기술이름) VALUES (20, 'Java (Spring)');
INSERT INTO 기술분류 (기술번호, 기술이름) VALUES (21, '.NET (C#)');
INSERT INTO 기술분류 (기술번호, 기술이름) VALUES (22, 'SQL');
INSERT INTO 기술분류 (기술번호, 기술이름) VALUES (23, 'MongoDB');
INSERT INTO 기술분류 (기술번호, 기술이름) VALUES (24, 'Git');
INSERT INTO 기술분류 (기술번호, 기술이름) VALUES (25, 'AWS');
INSERT INTO 기술분류 (기술번호, 기술이름) VALUES (26, 'Docker');
INSERT INTO 기술분류 (기술번호, 기술이름) VALUES (27, 'Kubernetes');
INSERT INTO 기술분류 (기술번호, 기술이름) VALUES (28, 'Express.js');
INSERT INTO 기술분류 (기술번호, 기술이름) VALUES (29, 'GraphQL');
INSERT INTO 기술분류 (기술번호, 기술이름) VALUES (30, 'RESTful API 설계');
INSERT INTO 기술분류 (기술번호, 기술이름) VALUES (31, 'Webpack');
INSERT INTO 기술분류 (기술번호, 기술이름) VALUES (32, 'Sass');
INSERT INTO 기술분류 (기술번호, 기술이름) VALUES (33, 'Redux');
INSERT INTO 기술분류 (기술번호, 기술이름) VALUES (34, 'PHP');
INSERT INTO 기술분류 (기술번호, 기술이름) VALUES (35, 'Laravel');
INSERT INTO 기술분류 (기술번호, 기술이름) VALUES (36, 'Kotlin');
INSERT INTO 기술분류 (기술번호, 기술이름) VALUES (37, 'Swift');
INSERT INTO 기술분류 (기술번호, 기술이름) VALUES (38, 'Flutter');
INSERT INTO 기술분류 (기술번호, 기술이름) VALUES (39, 'Unity');
INSERT INTO 기술분류 (기술번호, 기술이름) VALUES (40, 'C++');
INSERT INTO 기술분류 (기술번호, 기술이름) VALUES (41, 'Rust');
INSERT INTO 기술분류 (기술번호, 기술이름) VALUES (42, 'Go');
INSERT INTO 기술분류 (기술번호, 기술이름) VALUES (43, 'Nginx');
INSERT INTO 기술분류 (기술번호, 기술이름) VALUES (44, 'Jenkins');
INSERT INTO 기술분류 (기술번호, 기술이름) VALUES (45, 'Terraform');
INSERT INTO 기술분류 (기술번호, 기술이름) VALUES (46, 'RabbitMQ');
INSERT INTO 기술분류 (기술번호, 기술이름) VALUES (47, 'GraphQL');
INSERT INTO 기술분류 (기술번호, 기술이름) VALUES (48, 'Next.js');
INSERT INTO 기술분류 (기술번호, 기술이름) VALUES (49, 'D3.js');
INSERT INTO 기술분류 (기술번호, 기술이름) VALUES (50, 'TensorFlow');
INSERT INTO 기술분류 (기술번호, 기술이름) VALUES (51, 'PyTorch');
INSERT INTO 기술분류 (기술번호, 기술이름) VALUES (52, 'Machine Learning');
INSERT INTO 기술분류 (기술번호, 기술이름) VALUES (53, 'Artificial Intelligence (AI)');
INSERT INTO 기술분류 (기술번호, 기술이름) VALUES (54, 'Blockchain');
INSERT INTO 기술분류 (기술번호, 기술이름) VALUES (55, 'Solidity');
INSERT INTO 기술분류 (기술번호, 기술이름) VALUES (56, 'VueX');
INSERT INTO 기술분류 (기술번호, 기술이름) VALUES (57, 'Firebase');
INSERT INTO 기술분류 (기술번호, 기술이름) VALUES (58, 'Serverless Computing');

INSERT INTO 기술 (직원번호, 기술번호, 기술등급) VALUES ('39741', '46', '2');
INSERT INTO 기술 (직원번호, 기술번호, 기술등급) VALUES ('52147', '28', '2');
INSERT INTO 기술 (직원번호, 기술번호, 기술등급) VALUES ('52347', '41', '2');
INSERT INTO 기술 (직원번호, 기술번호, 기술등급) VALUES ('27135', '52', '3');
INSERT INTO 기술 (직원번호, 기술번호, 기술등급) VALUES ('39741', '38', '2');
INSERT INTO 기술 (직원번호, 기술번호, 기술등급) VALUES ('50328', '30', '3');
INSERT INTO 기술 (직원번호, 기술번호, 기술등급) VALUES ('15748', '23', '1');
INSERT INTO 기술 (직원번호, 기술번호, 기술등급) VALUES ('49378', '25', '1');
INSERT INTO 기술 (직원번호, 기술번호, 기술등급) VALUES ('50974', '57', '1');
INSERT INTO 기술 (직원번호, 기술번호, 기술등급) VALUES ('43276', '49', '3');
INSERT INTO 기술 (직원번호, 기술번호, 기술등급) VALUES ('17345', '41', '3');
INSERT INTO 기술 (직원번호, 기술번호, 기술등급) VALUES ('52174', '56', '2');
INSERT INTO 기술 (직원번호, 기술번호, 기술등급) VALUES ('46137', '54', '2');
INSERT INTO 기술 (직원번호, 기술번호, 기술등급) VALUES ('56321', '58', '1');
INSERT INTO 기술 (직원번호, 기술번호, 기술등급) VALUES ('21573', '56', '1');
INSERT INTO 기술 (직원번호, 기술번호, 기술등급) VALUES ('49378', '32', '2');
INSERT INTO 기술 (직원번호, 기술번호, 기술등급) VALUES ('17854', '15', '3');
INSERT INTO 기술 (직원번호, 기술번호, 기술등급) VALUES ('46128', '33', '1');
INSERT INTO 기술 (직원번호, 기술번호, 기술등급) VALUES ('38516', '54', '3');
INSERT INTO 기술 (직원번호, 기술번호, 기술등급) VALUES ('48532', '36', '2');
INSERT INTO 기술 (직원번호, 기술번호, 기술등급) VALUES ('48256', '22', '3');
INSERT INTO 기술 (직원번호, 기술번호, 기술등급) VALUES ('51247', '11', '2');
INSERT INTO 기술 (직원번호, 기술번호, 기술등급) VALUES ('23961', '49', '1');
INSERT INTO 기술 (직원번호, 기술번호, 기술등급) VALUES ('39248', '20', '2');
INSERT INTO 기술 (직원번호, 기술번호, 기술등급) VALUES ('49215', '41', '1');
INSERT INTO 기술 (직원번호, 기술번호, 기술등급) VALUES ('53621', '55', '1');
INSERT INTO 기술 (직원번호, 기술번호, 기술등급) VALUES ('42981', '47', '2');
INSERT INTO 기술 (직원번호, 기술번호, 기술등급) VALUES ('48256', '43', '2');
INSERT INTO 기술 (직원번호, 기술번호, 기술등급) VALUES ('43276', '22', '2');
INSERT INTO 기술 (직원번호, 기술번호, 기술등급) VALUES ('47851', '50', '3');
INSERT INTO 기술 (직원번호, 기술번호, 기술등급) VALUES ('35127', '28', '2');
INSERT INTO 기술 (직원번호, 기술번호, 기술등급) VALUES ('46785', '29', '1');
INSERT INTO 기술 (직원번호, 기술번호, 기술등급) VALUES ('34681', '44', '3');
INSERT INTO 기술 (직원번호, 기술번호, 기술등급) VALUES ('15947', '53', '1');
INSERT INTO 기술 (직원번호, 기술번호, 기술등급) VALUES ('24635', '20', '3');
INSERT INTO 기술 (직원번호, 기술번호, 기술등급) VALUES ('53621', '29', '3');
INSERT INTO 기술 (직원번호, 기술번호, 기술등급) VALUES ('35682', '55', '2');
INSERT INTO 기술 (직원번호, 기술번호, 기술등급) VALUES ('52147', '32', '3');
INSERT INTO 기술 (직원번호, 기술번호, 기술등급) VALUES ('53621', '20', '1');
INSERT INTO 기술 (직원번호, 기술번호, 기술등급) VALUES ('52461', '53', '3');
INSERT INTO 기술 (직원번호, 기술번호, 기술등급) VALUES ('14657', '46', '3');
INSERT INTO 기술 (직원번호, 기술번호, 기술등급) VALUES ('53421', '33', '3');
INSERT INTO 기술 (직원번호, 기술번호, 기술등급) VALUES ('50974', '49', '2');
INSERT INTO 기술 (직원번호, 기술번호, 기술등급) VALUES ('50328', '39', '2');
INSERT INTO 기술 (직원번호, 기술번호, 기술등급) VALUES ('39248', '14', '3');
INSERT INTO 기술 (직원번호, 기술번호, 기술등급) VALUES ('38516', '20', '2');
INSERT INTO 기술 (직원번호, 기술번호, 기술등급) VALUES ('51293', '20', '1');
INSERT INTO 기술 (직원번호, 기술번호, 기술등급) VALUES ('49832', '40', '2');
INSERT INTO 기술 (직원번호, 기술번호, 기술등급) VALUES ('36571', '40', '1');
INSERT INTO 기술 (직원번호, 기술번호, 기술등급) VALUES ('48715', '45', '3');
INSERT INTO 기술 (직원번호, 기술번호, 기술등급) VALUES ('24635', '58', '1');
INSERT INTO 기술 (직원번호, 기술번호, 기술등급) VALUES ('35682', '45', '3');
INSERT INTO 기술 (직원번호, 기술번호, 기술등급) VALUES ('49378', '52', '3');
INSERT INTO 기술 (직원번호, 기술번호, 기술등급) VALUES ('17854', '54', '1');
INSERT INTO 기술 (직원번호, 기술번호, 기술등급) VALUES ('21573', '25', '2');
INSERT INTO 기술 (직원번호, 기술번호, 기술등급) VALUES ('34768', '25', '2');
INSERT INTO 기술 (직원번호, 기술번호, 기술등급) VALUES ('52461', '32', '1');
INSERT INTO 기술 (직원번호, 기술번호, 기술등급) VALUES ('49728', '47', '2');
INSERT INTO 기술 (직원번호, 기술번호, 기술등급) VALUES ('34681', '41', '3');
INSERT INTO 기술 (직원번호, 기술번호, 기술등급) VALUES ('46587', '29', '3');
INSERT INTO 기술 (직원번호, 기술번호, 기술등급) VALUES ('52147', '55', '2');
INSERT INTO 기술 (직원번호, 기술번호, 기술등급) VALUES ('46137', '43', '2');
INSERT INTO 기술 (직원번호, 기술번호, 기술등급) VALUES ('28764', '30', '3');
INSERT INTO 기술 (직원번호, 기술번호, 기술등급) VALUES ('39741', '17', '3');
INSERT INTO 기술 (직원번호, 기술번호, 기술등급) VALUES ('52947', '21', '3');
INSERT INTO 기술 (직원번호, 기술번호, 기술등급) VALUES ('56921', '34', '1');
INSERT INTO 기술 (직원번호, 기술번호, 기술등급) VALUES ('49215', '28', '2');
INSERT INTO 기술 (직원번호, 기술번호, 기술등급) VALUES ('56921', '57', '1');
INSERT INTO 기술 (직원번호, 기술번호, 기술등급) VALUES ('46128', '27', '1');
INSERT INTO 기술 (직원번호, 기술번호, 기술등급) VALUES ('49835', '24', '3');
INSERT INTO 기술 (직원번호, 기술번호, 기술등급) VALUES ('35682', '48', '1');
INSERT INTO 기술 (직원번호, 기술번호, 기술등급) VALUES ('52947', '54', '1');
INSERT INTO 기술 (직원번호, 기술번호, 기술등급) VALUES ('52436', '58', '3');
INSERT INTO 기술 (직원번호, 기술번호, 기술등급) VALUES ('39248', '29', '1');
INSERT INTO 기술 (직원번호, 기술번호, 기술등급) VALUES ('39248', '31', '3');
INSERT INTO 기술 (직원번호, 기술번호, 기술등급) VALUES ('34681', '16', '3');
INSERT INTO 기술 (직원번호, 기술번호, 기술등급) VALUES ('52417', '48', '1');
INSERT INTO 기술 (직원번호, 기술번호, 기술등급) VALUES ('21573', '21', '2');
INSERT INTO 기술 (직원번호, 기술번호, 기술등급) VALUES ('46785', '46', '2');
INSERT INTO 기술 (직원번호, 기술번호, 기술등급) VALUES ('46137', '49', '3');
INSERT INTO 기술 (직원번호, 기술번호, 기술등급) VALUES ('52136', '51', '2');
INSERT INTO 기술 (직원번호, 기술번호, 기술등급) VALUES ('47126', '37', '1');
INSERT INTO 기술 (직원번호, 기술번호, 기술등급) VALUES ('48715', '50', '1');
INSERT INTO 기술 (직원번호, 기술번호, 기술등급) VALUES ('34768', '21', '3');
INSERT INTO 기술 (직원번호, 기술번호, 기술등급) VALUES ('35682', '28', '2');
INSERT INTO 기술 (직원번호, 기술번호, 기술등급) VALUES ('48715', '47', '1');
INSERT INTO 기술 (직원번호, 기술번호, 기술등급) VALUES ('39741', '41', '3');
INSERT INTO 기술 (직원번호, 기술번호, 기술등급) VALUES ('47126', '48', '3');
INSERT INTO 기술 (직원번호, 기술번호, 기술등급) VALUES ('17345', '23', '2');
INSERT INTO 기술 (직원번호, 기술번호, 기술등급) VALUES ('49728', '46', '3');
INSERT INTO 기술 (직원번호, 기술번호, 기술등급) VALUES ('34127', '25', '1');
INSERT INTO 기술 (직원번호, 기술번호, 기술등급) VALUES ('49835', '16', '1');
INSERT INTO 기술 (직원번호, 기술번호, 기술등급) VALUES ('47126', '56', '1');
INSERT INTO 기술 (직원번호, 기술번호, 기술등급) VALUES ('17854', '21', '2');
INSERT INTO 기술 (직원번호, 기술번호, 기술등급) VALUES ('21573', '24', '2');
INSERT INTO 기술 (직원번호, 기술번호, 기술등급) VALUES ('48256', '20', '1');
INSERT INTO 기술 (직원번호, 기술번호, 기술등급) VALUES ('21573', '31', '3');
INSERT INTO 기술 (직원번호, 기술번호, 기술등급) VALUES ('52436', '52', '3');
INSERT INTO 기술 (직원번호, 기술번호, 기술등급) VALUES ('43276', '44', '2');
INSERT INTO 기술 (직원번호, 기술번호, 기술등급) VALUES ('38754', '28', '2');
INSERT INTO 기술 (직원번호, 기술번호, 기술등급) VALUES ('47851', '48', '2');
INSERT INTO 기술 (직원번호, 기술번호, 기술등급) VALUES ('38754', '12', '1');
INSERT INTO 기술 (직원번호, 기술번호, 기술등급) VALUES ('46785', '20', '3');
INSERT INTO 기술 (직원번호, 기술번호, 기술등급) VALUES ('53621', '18', '2');
INSERT INTO 기술 (직원번호, 기술번호, 기술등급) VALUES ('51689', '12', '2');
INSERT INTO 기술 (직원번호, 기술번호, 기술등급) VALUES ('46985', '53', '2');
INSERT INTO 기술 (직원번호, 기술번호, 기술등급) VALUES ('35127', '22', '1');
INSERT INTO 기술 (직원번호, 기술번호, 기술등급) VALUES ('52461', '25', '2');
INSERT INTO 기술 (직원번호, 기술번호, 기술등급) VALUES ('52174', '21', '3');
INSERT INTO 기술 (직원번호, 기술번호, 기술등급) VALUES ('49378', '29', '2');
INSERT INTO 기술 (직원번호, 기술번호, 기술등급) VALUES ('43276', '42', '3');
INSERT INTO 기술 (직원번호, 기술번호, 기술등급) VALUES ('25684', '52', '2');
INSERT INTO 기술 (직원번호, 기술번호, 기술등급) VALUES ('49832', '48', '1');
INSERT INTO 기술 (직원번호, 기술번호, 기술등급) VALUES ('36571', '19', '3');
INSERT INTO 기술 (직원번호, 기술번호, 기술등급) VALUES ('17854', '23', '2');
INSERT INTO 기술 (직원번호, 기술번호, 기술등급) VALUES ('36571', '41', '2');
INSERT INTO 기술 (직원번호, 기술번호, 기술등급) VALUES ('51379', '27', '1');
INSERT INTO 기술 (직원번호, 기술번호, 기술등급) VALUES ('38754', '36', '2');
INSERT INTO 기술 (직원번호, 기술번호, 기술등급) VALUES ('52136', '13', '2');
INSERT INTO 기술 (직원번호, 기술번호, 기술등급) VALUES ('34768', '55', '3');
INSERT INTO 기술 (직원번호, 기술번호, 기술등급) VALUES ('53871', '50', '1');
INSERT INTO 기술 (직원번호, 기술번호, 기술등급) VALUES ('47851', '53', '3');
INSERT INTO 기술 (직원번호, 기술번호, 기술등급) VALUES ('41835', '20', '2');
INSERT INTO 기술 (직원번호, 기술번호, 기술등급) VALUES ('35127', '21', '3');
INSERT INTO 기술 (직원번호, 기술번호, 기술등급) VALUES ('52347', '13', '2');
INSERT INTO 기술 (직원번호, 기술번호, 기술등급) VALUES ('49832', '17', '3');
INSERT INTO 기술 (직원번호, 기술번호, 기술등급) VALUES ('48715', '36', '3');
INSERT INTO 기술 (직원번호, 기술번호, 기술등급) VALUES ('47851', '13', '1');
INSERT INTO 기술 (직원번호, 기술번호, 기술등급) VALUES ('15947', '24', '3');
INSERT INTO 기술 (직원번호, 기술번호, 기술등급) VALUES ('41856', '36', '3');
INSERT INTO 기술 (직원번호, 기술번호, 기술등급) VALUES ('15748', '36', '1');
INSERT INTO 기술 (직원번호, 기술번호, 기술등급) VALUES ('17345', '24', '3');
INSERT INTO 기술 (직원번호, 기술번호, 기술등급) VALUES ('25684', '39', '3');
INSERT INTO 기술 (직원번호, 기술번호, 기술등급) VALUES ('41835', '41', '3');
INSERT INTO 기술 (직원번호, 기술번호, 기술등급) VALUES ('42981', '54', '3');
INSERT INTO 기술 (직원번호, 기술번호, 기술등급) VALUES ('46587', '58', '1');
INSERT INTO 기술 (직원번호, 기술번호, 기술등급) VALUES ('41379', '15', '2');
INSERT INTO 기술 (직원번호, 기술번호, 기술등급) VALUES ('50974', '16', '1');
INSERT INTO 기술 (직원번호, 기술번호, 기술등급) VALUES ('52947', '35', '1');
INSERT INTO 기술 (직원번호, 기술번호, 기술등급) VALUES ('25684', '32', '3');
INSERT INTO 기술 (직원번호, 기술번호, 기술등급) VALUES ('51247', '57', '3');
INSERT INTO 기술 (직원번호, 기술번호, 기술등급) VALUES ('48256', '19', '2');
INSERT INTO 기술 (직원번호, 기술번호, 기술등급) VALUES ('46985', '19', '1');
INSERT INTO 기술 (직원번호, 기술번호, 기술등급) VALUES ('27135', '25', '2');
INSERT INTO 기술 (직원번호, 기술번호, 기술등급) VALUES ('18754', '28', '2');
INSERT INTO 기술 (직원번호, 기술번호, 기술등급) VALUES ('39248', '43', '3');
INSERT INTO 기술 (직원번호, 기술번호, 기술등급) VALUES ('52136', '33', '3');
INSERT INTO 기술 (직원번호, 기술번호, 기술등급) VALUES ('49378', '18', '1');

insert into 평가(평가번호, 피평가자, 프로젝트번호) values (1000000001, 23654, 10001);
insert into 평가(평가번호, 피평가자, 프로젝트번호) values (1000000002, 38754, 10001);
insert into 평가(평가번호, 피평가자, 프로젝트번호) values (1000000003, 52461, 10001);
insert into 평가(평가번호, 피평가자, 프로젝트번호) values (1000000004, 38754, 10001);
insert into 평가(평가번호, 피평가자, 프로젝트번호) values (1000000005, 52461, 10001);
insert into 평가(평가번호, 피평가자, 프로젝트번호) values (1000000006, 38754, 10001);
insert into 평가(평가번호, 피평가자, 프로젝트번호) values (1000000007, 52461, 10001);
insert into 평가(평가번호, 피평가자, 프로젝트번호) values (1000000008, 41379, 10002);
insert into 평가(평가번호, 피평가자, 프로젝트번호) values (1000000009, 56921, 10002);
insert into 평가(평가번호, 피평가자, 프로젝트번호) values (1000000010, 21573, 10002);
insert into 평가(평가번호, 피평가자, 프로젝트번호) values (1000000011, 56921, 10002);
insert into 평가(평가번호, 피평가자, 프로젝트번호) values (1000000012, 21573, 10002);
insert into 평가(평가번호, 피평가자, 프로젝트번호) values (1000000013, 56921, 10002);
insert into 평가(평가번호, 피평가자, 프로젝트번호) values (1000000014, 21573, 10002);
insert into 평가(평가번호, 피평가자, 프로젝트번호) values (1000000015, 41625, 10003);
insert into 평가(평가번호, 피평가자, 프로젝트번호) values (1000000016, 35127, 10003);
insert into 평가(평가번호, 피평가자, 프로젝트번호) values (1000000017, 56321, 10003);
insert into 평가(평가번호, 피평가자, 프로젝트번호) values (1000000018, 35127, 10003);
insert into 평가(평가번호, 피평가자, 프로젝트번호) values (1000000019, 56321, 10003);
insert into 평가(평가번호, 피평가자, 프로젝트번호) values (1000000020, 35127, 10003);
insert into 평가(평가번호, 피평가자, 프로젝트번호) values (1000000021, 56321, 10003);
insert into 평가(평가번호, 피평가자, 프로젝트번호) values (1000000022, 23654, 10004);
insert into 평가(평가번호, 피평가자, 프로젝트번호) values (1000000023, 36571, 10004);
insert into 평가(평가번호, 피평가자, 프로젝트번호) values (1000000024, 36571, 10004);
insert into 평가(평가번호, 피평가자, 프로젝트번호) values (1000000025, 41379, 10005);
insert into 평가(평가번호, 피평가자, 프로젝트번호) values (1000000026, 50974, 10005);
insert into 평가(평가번호, 피평가자, 프로젝트번호) values (1000000027, 50974, 10005);
insert into 평가(평가번호, 피평가자, 프로젝트번호) values (1000000028, 52198, 10006);
insert into 평가(평가번호, 피평가자, 프로젝트번호) values (1000000029, 41379, 10007);
insert into 평가(평가번호, 피평가자, 프로젝트번호) values (1000000030, 50974, 10007);
insert into 평가(평가번호, 피평가자, 프로젝트번호) values (1000000031, 50974, 10007);
insert into 평가(평가번호, 피평가자, 프로젝트번호) values (1000000032, 41379, 10008);

insert into 고객평가(평가번호, 평가자_고객) values (1000000001,10005 );
insert into 고객평가(평가번호, 평가자_고객) values (1000000002,10005 );
insert into 고객평가(평가번호, 평가자_고객) values (1000000003,10005 );
insert into 고객평가(평가번호, 평가자_고객) values (1000000008,10015 );
insert into 고객평가(평가번호, 평가자_고객) values (1000000009,10015 );
insert into 고객평가(평가번호, 평가자_고객) values (1000000010,10015 );
insert into 고객평가(평가번호, 평가자_고객) values (1000000015,10009 );
insert into 고객평가(평가번호, 평가자_고객) values (1000000016,10009 );
insert into 고객평가(평가번호, 평가자_고객) values (1000000017,10009 );
insert into 고객평가(평가번호, 평가자_고객) values (1000000022,10010 );
insert into 고객평가(평가번호, 평가자_고객) values (1000000023,10010 );
insert into 고객평가(평가번호, 평가자_고객) values (1000000025,10002 );
insert into 고객평가(평가번호, 평가자_고객) values (1000000026,10002 );
insert into 고객평가(평가번호, 평가자_고객) values (1000000028,10001 );
insert into 고객평가(평가번호, 평가자_고객) values (1000000029,10014 );
insert into 고객평가(평가번호, 평가자_고객) values (1000000030,10014 );
insert into 고객평가(평가번호, 평가자_고객) values (1000000032,10008 );

insert into 동료평가(평가번호, 평가자_동료) values (1000000004,52461);
insert into 동료평가(평가번호, 평가자_동료) values (1000000005,38754);
insert into 동료평가(평가번호, 평가자_동료) values (1000000011,21573);
insert into 동료평가(평가번호, 평가자_동료) values (1000000012,56921);
insert into 동료평가(평가번호, 평가자_동료) values (1000000018,56321);
insert into 동료평가(평가번호, 평가자_동료) values (1000000019,35127);

insert into PM평가(평가번호, 평가자_PM) values (1000000006, 23654);
insert into PM평가(평가번호, 평가자_PM) values (1000000007, 23654);
insert into PM평가(평가번호, 평가자_PM) values (1000000013, 41379);
insert into PM평가(평가번호, 평가자_PM) values (1000000014, 41379);
insert into PM평가(평가번호, 평가자_PM) values (1000000020, 41625);
insert into PM평가(평가번호, 평가자_PM) values (1000000021, 41625);
insert into PM평가(평가번호, 평가자_PM) values (1000000024, 23654);
insert into PM평가(평가번호, 평가자_PM) values (1000000027, 41379);
insert into PM평가(평가번호, 평가자_PM) values (1000000031, 48972);


insert into 상세평가 (평가항목, 평가번호, 평가내용, 평점) values (01, 1000000001, '효과적인 정보 공유와 소통 능력이 있었습니다.', 5.0);
insert into 상세평가 (평가항목, 평가번호, 평가내용, 평점) values (01, 1000000002, '문제 상황에서도 냉정하게 의사 소통을 통해 해결책을 찾는 능력이 돋보였습니다.', 4.1);
insert into 상세평가 (평가항목, 평가번호, 평가내용, 평점) values (01, 1000000003, '고도의 리더십으로 동료 간 원활한 의사 소통을 도왔습니다.', 3.3);
insert into 상세평가 (평가항목, 평가번호, 평가내용, 평점) values (01, 1000000004, '프로젝트의 진행 상황을 항상 명확하게 전달해주셨습니다.', 5.0);
insert into 상세평가 (평가항목, 평가번호, 평가내용, 평점) values (01, 1000000005, '다양한 의견을 수렴하여 팀 전체의 의사 결정에 적극 참여하였습니다.', 4.0);
insert into 상세평가 (평가항목, 평가번호, 평가내용, 평점) values (01, 1000000006, '피드백에 대한 민감성이 뛰어나, 건설적인 피드백을 통해 팀 분위기를 개선하였습니다.', 3.1);
insert into 상세평가 (평가항목, 평가번호, 평가내용, 평점) values (01, 1000000007, '다른 팀원들과의 원활한 협업을 위해 노력했습니다.', 4.0);
insert into 상세평가 (평가항목, 평가번호, 평가내용, 평점) values (01, 1000000008, '필요한 정보를 정확하게 전달하여 팀원들이 업무에 더 효과적으로 참여할 수 있도록 돕았습니다.', 4.1);
insert into 상세평가 (평가항목, 평가번호, 평가내용, 평점) values (01, 1000000009, '의견 충돌이 있을 때 합리적이고 존중하는 태도를 보여주셨습니다.', 4.6);
insert into 상세평가 (평가항목, 평가번호, 평가내용, 평점) values (01, 1000000010, '소통의 양식을 선택적으로 조절하여 상황에 맞게 대응하였습니다.', 3.5);
insert into 상세평가 (평가항목, 평가번호, 평가내용, 평점) values (01, 1000000011, '적절한 시기에 필요한 커뮤니케이션 도구를 활용하여 정보를 공유하였습니다.', 3.4);
insert into 상세평가 (평가항목, 평가번호, 평가내용, 평점) values (01, 1000000012, '프로젝트 목표 및 일정에 대한 명확한 이해를 바탕으로 팀원들을 조율하였습니다.', 3.8);
insert into 상세평가 (평가항목, 평가번호, 평가내용, 평점) values (01, 1000000013, '고난한 상황에서도 팀원들을 안심시키기 위해 명확하게 의사소통하였습니다.', 4.6);
insert into 상세평가 (평가항목, 평가번호, 평가내용, 평점) values (01, 1000000014, '갈등 상황에서 중재와 조정 능력을 효과적으로 발휘하였습니다.', 3.8);
insert into 상세평가 (평가항목, 평가번호, 평가내용, 평점) values (01, 1000000015, '프로젝트의 핵심 내용을 효과적으로 전달하여 모든 팀원들이 방향성을 파악할 수 있었습니다.', 3.8);
insert into 상세평가 (평가항목, 평가번호, 평가내용, 평점) values (01, 1000000016, '회의나 토론에서 자신의 의견을 분명히 표현하였습니다.', 3.2);
insert into 상세평가 (평가항목, 평가번호, 평가내용, 평점) values (01, 1000000017, '팀원들과의 관계를 유연하게 유지하면서도 목표를 달성하기 위해 노력하였습니다.', 3.5);
insert into 상세평가 (평가항목, 평가번호, 평가내용, 평점) values (01, 1000000018, '팀원들의 역량과 특성을 잘 이해하고, 그에 맞는 의사 소통 방식을 사용하였습니다.', 3.8);
insert into 상세평가 (평가항목, 평가번호, 평가내용, 평점) values (01, 1000000019, '팀원들 간의 의사소통이 원활하도록 중개자 역할을 효과적으로 수행하였습니다.', 3.1);
insert into 상세평가 (평가항목, 평가번호, 평가내용, 평점) values (01, 1000000020, '팀 내 외의 모든 이해관계자들과의 소통이 효과적이었습니다.', 4.1);
insert into 상세평가 (평가항목, 평가번호, 평가내용, 평점) values (01, 1000000021, '적절한 언어와 톤으로 팀원들에게 동기부여를 하였습니다.', 3.5);
insert into 상세평가 (평가항목, 평가번호, 평가내용, 평점) values (01, 1000000022, '프로젝트 목표 달성을 위해 팀원들에게 명확한 역할 및 책임을 부여하였습니다.', 4.6);
insert into 상세평가 (평가항목, 평가번호, 평가내용, 평점) values (01, 1000000023, '정보의 부재 또는 모호함이 있을 때에도 빠르게 해결하고자 노력하였습니다.', 3.2);
insert into 상세평가 (평가항목, 평가번호, 평가내용, 평점) values (01, 1000000024, '업무 상황에 대한 투명한 보고를 통해 팀원들에게 안전감을 제공하였습니다.', 3.5);
insert into 상세평가 (평가항목, 평가번호, 평가내용, 평점) values (01, 1000000025, '다양한 배경을 가진 팀원들 간의 의사소통에서 이해관계를 존중하는 태도를 보여주었습니다.', 4.7);
insert into 상세평가 (평가항목, 평가번호, 평가내용, 평점) values (01, 1000000026, '팀원 간의 갈등이 발생할 때, 객관적이고 정당한 입장으로 중재하였습니다.', 4.7);
insert into 상세평가 (평가항목, 평가번호, 평가내용, 평점) values (01, 1000000027, '일정 지연이나 문제가 발생할 경우에도 팀원들에게 사전에 알림을 주어 협력을 이끌어냈습니다.', 3.4);
insert into 상세평가 (평가항목, 평가번호, 평가내용, 평점) values (01, 1000000028, '팀원들 간의 소통이 강조된 환경을 조성하였습니다.', 4.8);
insert into 상세평가 (평가항목, 평가번호, 평가내용, 평점) values (01, 1000000029, '대화 중에 팀원들의 의견에 귀를 기울이며, 존중하는 태도를 유지하였습니다.', 4.1);
insert into 상세평가 (평가항목, 평가번호, 평가내용, 평점) values (01, 1000000030, '필요한 정보를 정리하여 목적에 맞게 효과적으로 전달하였습니다.', 3.3);
insert into 상세평가 (평가항목, 평가번호, 평가내용, 평점) values (01, 1000000031, '팀원들 간의 이해 관계를 유지하기 위해 노력하였습니다.', 4.6);
insert into 상세평가 (평가항목, 평가번호, 평가내용, 평점) values (01, 1000000032, '프로젝트의 성공에 기여하기 위해 노력하는 자세를 유지하면서 팀원들과 소통하였습니다.', 4.3);
insert into 상세평가 (평가항목, 평가번호, 평가내용, 평점) values (02, 1000000001, '전문적인 업무 기술을 보유하고 프로젝트에 기여하였습니다.', 4.5);
insert into 상세평가 (평가항목, 평가번호, 평가내용, 평점) values (02, 1000000002, '일을 효율적으로 계획하고 실행하여 프로젝트 일정을 지켰습니다.', 3.2);
insert into 상세평가 (평가항목, 평가번호, 평가내용, 평점) values (02, 1000000003, '업무에 대한 뛰어난 이해력을 바탕으로 고객 요구사항을 충족시켰습니다.', 5.0);
insert into 상세평가 (평가항목, 평가번호, 평가내용, 평점) values (02, 1000000004, '신속하고 정확한 의사결정 능력으로 프로젝트에 긍정적인 영향을 미쳤습니다.', 4.2);
insert into 상세평가 (평가항목, 평가번호, 평가내용, 평점) values (02, 1000000005, '복잡한 문제에 대한 해결책을 찾는 능력이 뛰어났습니다.', 5.0);
insert into 상세평가 (평가항목, 평가번호, 평가내용, 평점) values (02, 1000000006, '자주 업무 프로세스를 개선하고 효율화하는 방안을 모색하였습니다.', 4.4);
insert into 상세평가 (평가항목, 평가번호, 평가내용, 평점) values (02, 1000000007, '전담 업무에 대한 책임감이 강하게 나타났습니다.', 3.6);
insert into 상세평가 (평가항목, 평가번호, 평가내용, 평점) values (02, 1000000008, '업무에 대한 세심한 계획과 체계적인 실행이 돋보였습니다.', 4.1);
insert into 상세평가 (평가항목, 평가번호, 평가내용, 평점) values (02, 1000000009, '새로운 도전에 적극적으로 대응하여 업무 범위를 확장하였습니다.', 3.1);
insert into 상세평가 (평가항목, 평가번호, 평가내용, 평점) values (02, 1000000010, '업무에 필요한 지식과 기술을 지속적으로 업데이트하였습니다.', 3.8);
insert into 상세평가 (평가항목, 평가번호, 평가내용, 평점) values (02, 1000000011, '비즈니스 목표를 달성하기 위해 적절한 전략을 수립하고 실행하였습니다.', 4.4);
insert into 상세평가 (평가항목, 평가번호, 평가내용, 평점) values (02, 1000000012, '팀 내에서 업무의 중요성을 명확하게 이해하고 우선순위를 정하여 진행하였습니다.', 4.8);
insert into 상세평가 (평가항목, 평가번호, 평가내용, 평점) values (02, 1000000013, '주어진 예산 내에서 업무를 효율적으로 수행하였습니다.', 4.5);
insert into 상세평가 (평가항목, 평가번호, 평가내용, 평점) values (02, 1000000014, '상황에 따라 탄력적으로 업무를 조정하여 목표를 달성하였습니다.', 4.5);
insert into 상세평가 (평가항목, 평가번호, 평가내용, 평점) values (02, 1000000015, '고객 또는 이해관계자와의 원활한 소통을 통해 업무를 원활히 수행하였습니다.', 3.3);
insert into 상세평가 (평가항목, 평가번호, 평가내용, 평점) values (02, 1000000016, '기술적인 도움을 필요로 하는 동료들에게 지원을 제공하였습니다.', 4.8);
insert into 상세평가 (평가항목, 평가번호, 평가내용, 평점) values (02, 1000000017, '과제 해결에 필요한 팀원 간의 협업을 촉진하였습니다.', 3.4);
insert into 상세평가 (평가항목, 평가번호, 평가내용, 평점) values (02, 1000000018, '품질 향상을 위해 자주 업무 결과물을 검토하고 수정하였습니다.', 3.1);
insert into 상세평가 (평가항목, 평가번호, 평가내용, 평점) values (02, 1000000019, '난관에 부딪혔을 때도 창의적이고 효과적인 해결책을 찾아냈습니다.', 4.1);
insert into 상세평가 (평가항목, 평가번호, 평가내용, 평점) values (02, 1000000020, '맡은 업무에 대한 정확한 이해와 실행이 프로젝트 흐름을 원할하게 만들었습니다.', 4.8);
insert into 상세평가 (평가항목, 평가번호, 평가내용, 평점) values (02, 1000000021, '새로운 도구나 기술을 효과적으로 도입하여 업무 프로세스를 개선하였습니다.', 4.1);
insert into 상세평가 (평가항목, 평가번호, 평가내용, 평점) values (02, 1000000022, '업무에 필요한 자원을 효과적으로 활용하여 생산성을 높였습니다.', 4.1);
insert into 상세평가 (평가항목, 평가번호, 평가내용, 평점) values (02, 1000000023, '책임감 있게 일정을 준수하고 업무 완료를 위해 노력하였습니다.', 3.9);
insert into 상세평가 (평가항목, 평가번호, 평가내용, 평점) values (02, 1000000024, '전략적인 사고를 바탕으로 업무에 대한 비전을 제시하고 이를 이끌어냈습니다.', 3.9);
insert into 상세평가 (평가항목, 평가번호, 평가내용, 평점) values (02, 1000000025, '고객의 요구를 정확하게 파악하고 이를 만족시키는 방법을 찾아냈습니다.', 4.0);
insert into 상세평가 (평가항목, 평가번호, 평가내용, 평점) values (02, 1000000026, '업무에 대한 지식을 공유하고 팀원들을 지원하였습니다.', 4.2);
insert into 상세평가 (평가항목, 평가번호, 평가내용, 평점) values (02, 1000000027, '난관에 직면했을 때도 차분하게 대처하고 효과적인 해결책을 찾아냈습니다.', 3.2);
insert into 상세평가 (평가항목, 평가번호, 평가내용, 평점) values (02, 1000000028, '업무 일정을 예측하고 관리하여 팀원들에게 안정감을 제공하였습니다.', 3.4);
insert into 상세평가 (평가항목, 평가번호, 평가내용, 평점) values (02, 1000000029, '자원의 효율적인 할당을 통해 업무를 원활하게 진행하였습니다.', 3.2);
insert into 상세평가 (평가항목, 평가번호, 평가내용, 평점) values (02, 1000000030, '복잡한 프로젝트에서도 목표를 분명하게 유지하고 달성하였습니다.', 4.4);
insert into 상세평가 (평가항목, 평가번호, 평가내용, 평점) values (02, 1000000031, '업무의 우선순위를 명확하게 설정하고 필요한 조치를 시간 내에 취하였습니다.', 3.3);
insert into 상세평가 (평가항목, 평가번호, 평가내용, 평점) values (02, 1000000032, '팀 내에서 업무 효율성을 향상시키기 위해 적극적으로 제안하고 참여하였습니다.', 3.1);

INSERT INTO 경력 (직원번호, 경력번호, 경력내용, 경력시작일자, 기간) VALUES ('39741', '28467', '실시간 데이터 처리 시스템', '1964-06-17', '280');
INSERT INTO 경력 (직원번호, 경력번호, 경력내용, 경력시작일자, 기간) VALUES ('36571', '36962', '컴퓨터 그래픽스 프로그래밍', '1969-06-14', '1396');
INSERT INTO 경력 (직원번호, 경력번호, 경력내용, 경력시작일자, 기간) VALUES ('34681', '10491', '프로젝트 관리', '1998-04-05', '1439');
INSERT INTO 경력 (직원번호, 경력번호, 경력내용, 경력시작일자, 기간) VALUES ('49378', '13902', '기술 컨설턴트', '1996-11-06', '463');
INSERT INTO 경력 (직원번호, 경력번호, 경력내용, 경력시작일자, 기간) VALUES ('23517', '29895', '클라우드 보안', '1990-12-03', '548');
INSERT INTO 경력 (직원번호, 경력번호, 경력내용, 경력시작일자, 기간) VALUES ('21573', '35667', '자원 관리 시스템', '1971-07-04', '1325');
INSERT INTO 경력 (직원번호, 경력번호, 경력내용, 경력시작일자, 기간) VALUES ('21573', '40333', '머신러닝 모델 배포 및 운영', '2016-10-12', '123');
INSERT INTO 경력 (직원번호, 경력번호, 경력내용, 경력시작일자, 기간) VALUES ('28764', '35547', '디지털 화폐 및 결제 시스템', '1982-10-18', '250');
INSERT INTO 경력 (직원번호, 경력번호, 경력내용, 경력시작일자, 기간) VALUES ('17854', '19741', '로봇 공학 및 자동화 엔지니어', '1970-05-12', '1115');
INSERT INTO 경력 (직원번호, 경력번호, 경력내용, 경력시작일자, 기간) VALUES ('51247', '10288', '앱 개발', '1976-03-01', '162');
INSERT INTO 경력 (직원번호, 경력번호, 경력내용, 경력시작일자, 기간) VALUES ('15382', '33805', '머신러닝 모델 해석 및 해석가능성', '1969-11-07', '986');
INSERT INTO 경력 (직원번호, 경력번호, 경력내용, 경력시작일자, 기간) VALUES ('34681', '34393', '인공지능 윤리 전문가', '2005-12-05', '290');
INSERT INTO 경력 (직원번호, 경력번호, 경력내용, 경력시작일자, 기간) VALUES ('48256', '21840', '로봇 프로그래밍', '1976-12-17', '102');
INSERT INTO 경력 (직원번호, 경력번호, 경력내용, 경력시작일자, 기간) VALUES ('49728', '34626', '빅데이터 아키텍처 설계자', '1993-11-19', '761');
INSERT INTO 경력 (직원번호, 경력번호, 경력내용, 경력시작일자, 기간) VALUES ('46587', '26541', '게임 엔진 개발', '1971-08-07', '218');
INSERT INTO 경력 (직원번호, 경력번호, 경력내용, 경력시작일자, 기간) VALUES ('24635', '23977', '공간 정보 시스템 (GIS) 개발', '2017-07-10', '615');
INSERT INTO 경력 (직원번호, 경력번호, 경력내용, 경력시작일자, 기간) VALUES ('49378', '29072', '클라우드 컴퓨팅', '1965-06-06', '954');
INSERT INTO 경력 (직원번호, 경력번호, 경력내용, 경력시작일자, 기간) VALUES ('38754', '33986', '소프트웨어 아키텍처 설계', '1969-01-12', '870');
INSERT INTO 경력 (직원번호, 경력번호, 경력내용, 경력시작일자, 기간) VALUES ('53421', '25574', '앱 개발', '1980-03-03', '99');
INSERT INTO 경력 (직원번호, 경력번호, 경력내용, 경력시작일자, 기간) VALUES ('56321', '23966', '오픈소스 프로젝트 기여자', '1963-12-04', '139');
INSERT INTO 경력 (직원번호, 경력번호, 경력내용, 경력시작일자, 기간) VALUES ('17345', '22287', '네이티브 앱 개발 (iOS, Android)', '1975-06-06', '1257');
INSERT INTO 경력 (직원번호, 경력번호, 경력내용, 경력시작일자, 기간) VALUES ('36571', '34221', '웹 애플리케이션 보안 엔지니어', '1982-11-11', '421');
INSERT INTO 경력 (직원번호, 경력번호, 경력내용, 경력시작일자, 기간) VALUES ('53621', '39168', '창업 및 스타트업 경험', '1975-07-04', '568');
INSERT INTO 경력 (직원번호, 경력번호, 경력내용, 경력시작일자, 기간) VALUES ('49835', '37624', '디지털 플랫폼 아키텍트', '2004-04-16', '1309');
INSERT INTO 경력 (직원번호, 경력번호, 경력내용, 경력시작일자, 기간) VALUES ('21573', '34350', '네트워크 관리', '2012-03-17', '453');
INSERT INTO 경력 (직원번호, 경력번호, 경력내용, 경력시작일자, 기간) VALUES ('48532', '37348', 'IT 인프라스트럭처 아키텍트', '1980-05-22', '591');
INSERT INTO 경력 (직원번호, 경력번호, 경력내용, 경력시작일자, 기간) VALUES ('35127', '11999', '금융 트레이딩 시스템', '1994-01-09', '1285');
INSERT INTO 경력 (직원번호, 경력번호, 경력내용, 경력시작일자, 기간) VALUES ('46137', '13728', 'IT 프로젝트 코디네이터', '1968-08-28', '1100');
INSERT INTO 경력 (직원번호, 경력번호, 경력내용, 경력시작일자, 기간) VALUES ('53842', '16617', '사용자 경험 (UX) 디자인', '2002-06-01', '682');
INSERT INTO 경력 (직원번호, 경력번호, 경력내용, 경력시작일자, 기간) VALUES ('34681', '30600', '데이터 마이닝 및 분석', '1967-09-07', '762');
INSERT INTO 경력 (직원번호, 경력번호, 경력내용, 경력시작일자, 기간) VALUES ('46128', '21008', '컴퓨터 보안 전문가', '1993-02-27', '463');
INSERT INTO 경력 (직원번호, 경력번호, 경력내용, 경력시작일자, 기간) VALUES ('35682', '13093', '네이티브 앱 개발 (iOS, Android)', '2019-04-27', '1127');
INSERT INTO 경력 (직원번호, 경력번호, 경력내용, 경력시작일자, 기간) VALUES ('36571', '35200', '산업용 자동화 시스템 개발', '1986-01-01', '778');
INSERT INTO 경력 (직원번호, 경력번호, 경력내용, 경력시작일자, 기간) VALUES ('34681', '29589', '클라우드 네이티브 애플리케이션 개발', '2001-02-05', '1136');
INSERT INTO 경력 (직원번호, 경력번호, 경력내용, 경력시작일자, 기간) VALUES ('52174', '22292', '블록체인 기반 식별 시스템', '2011-11-06', '993');
INSERT INTO 경력 (직원번호, 경력번호, 경력내용, 경력시작일자, 기간) VALUES ('47126', '29815', '머신러닝 모델 배포 및 운영', '1980-04-19', '1313');
INSERT INTO 경력 (직원번호, 경력번호, 경력내용, 경력시작일자, 기간) VALUES ('48715', '30055', '자율 주행차 소프트웨어', '2014-11-15', '622');
INSERT INTO 경력 (직원번호, 경력번호, 경력내용, 경력시작일자, 기간) VALUES ('25684', '39869', '게임 개발', '1996-01-14', '1046');
INSERT INTO 경력 (직원번호, 경력번호, 경력내용, 경력시작일자, 기간) VALUES ('21573', '28651', '크로스 플랫폼 개발 (React Native, Flutter 등)', '1963-06-01', '1173');
INSERT INTO 경력 (직원번호, 경력번호, 경력내용, 경력시작일자, 기간) VALUES ('49728', '15075', 'IoT 보안 전문가', '2000-03-04', '150');
INSERT INTO 경력 (직원번호, 경력번호, 경력내용, 경력시작일자, 기간) VALUES ('48532', '24688', '게임 물리 엔진 개발자', '2021-04-16', '859');
INSERT INTO 경력 (직원번호, 경력번호, 경력내용, 경력시작일자, 기간) VALUES ('51834', '34182', '기술 컨설턴트', '1976-11-02', '1271');
INSERT INTO 경력 (직원번호, 경력번호, 경력내용, 경력시작일자, 기간) VALUES ('21573', '40932', '증강 현실 (AR) 디자이너', '2002-06-26', '312');
INSERT INTO 경력 (직원번호, 경력번호, 경력내용, 경력시작일자, 기간) VALUES ('46587', '12368', '사이버 위협 분석', '2009-08-19', '1118');
INSERT INTO 경력 (직원번호, 경력번호, 경력내용, 경력시작일자, 기간) VALUES ('34681', '19512', '자동화 테스트 개발', '1972-11-02', '708');
INSERT INTO 경력 (직원번호, 경력번호, 경력내용, 경력시작일자, 기간) VALUES ('53621', '26279', '자동차 정보 시스템', '2007-02-10', '595');
INSERT INTO 경력 (직원번호, 경력번호, 경력내용, 경력시작일자, 기간) VALUES ('56921', '22949', '금융 소프트웨어 개발', '1987-10-05', '156');
INSERT INTO 경력 (직원번호, 경력번호, 경력내용, 경력시작일자, 기간) VALUES ('52136', '34488', '의료 영상 처리', '1999-07-27', '503');
INSERT INTO 경력 (직원번호, 경력번호, 경력내용, 경력시작일자, 기간) VALUES ('43276', '30671', '디지털 플랫폼 아키텍트', '1999-06-24', '233');
INSERT INTO 경력 (직원번호, 경력번호, 경력내용, 경력시작일자, 기간) VALUES ('53621', '10912', '빅데이터 시각화', '2000-06-02', '1037');
INSERT INTO 경력 (직원번호, 경력번호, 경력내용, 경력시작일자, 기간) VALUES ('39741', '29558', 'IT 인프라스트럭처 아키텍트', '1974-02-01', '710');
INSERT INTO 경력 (직원번호, 경력번호, 경력내용, 경력시작일자, 기간) VALUES ('38754', '17129', '자원 관리 시스템', '1991-03-02', '679');
INSERT INTO 경력 (직원번호, 경력번호, 경력내용, 경력시작일자, 기간) VALUES ('47851', '31659', '소셜 미디어 앱 개발', '1967-10-05', '846');
INSERT INTO 경력 (직원번호, 경력번호, 경력내용, 경력시작일자, 기간) VALUES ('52147', '14745', '클라우드 네이티브 애플리케이션 개발', '1962-10-23', '1303');
INSERT INTO 경력 (직원번호, 경력번호, 경력내용, 경력시작일자, 기간) VALUES ('52347', '24018', '보안 개발', '2009-07-28', '415');
INSERT INTO 경력 (직원번호, 경력번호, 경력내용, 경력시작일자, 기간) VALUES ('41835', '36477', '디지털 헬스케어 시스템', '1994-01-19', '566');
INSERT INTO 경력 (직원번호, 경력번호, 경력내용, 경력시작일자, 기간) VALUES ('50974', '30159', '지능형 교통 시스템', '1998-12-18', '553');
INSERT INTO 경력 (직원번호, 경력번호, 경력내용, 경력시작일자, 기간) VALUES ('17345', '27773', '음성 합성 및 음성 처리', '1995-05-01', '1376');
INSERT INTO 경력 (직원번호, 경력번호, 경력내용, 경력시작일자, 기간) VALUES ('51247', '18480', '데이터베이스 설계 및 관리', '1971-03-12', '986');
INSERT INTO 경력 (직원번호, 경력번호, 경력내용, 경력시작일자, 기간) VALUES ('49832', '11543', '데이터 과학자', '1975-09-14', '161');
INSERT INTO 경력 (직원번호, 경력번호, 경력내용, 경력시작일자, 기간) VALUES ('52947', '37432', '디지털 트윈 (Digital Twin) 개발', '1969-10-12', '116');
INSERT INTO 경력 (직원번호, 경력번호, 경력내용, 경력시작일자, 기간) VALUES ('23654', '27222', '머신러닝 오퍼레이션 엔지니어', '1968-05-08', '1395');
INSERT INTO 경력 (직원번호, 경력번호, 경력내용, 경력시작일자, 기간) VALUES ('25684', '40974', 'IT 법률 및 규제 전문가', '2010-08-06', '1458');
INSERT INTO 경력 (직원번호, 경력번호, 경력내용, 경력시작일자, 기간) VALUES ('39248', '28896', '산업용 자동화 시스템 개발', '2013-11-01', '1085');
INSERT INTO 경력 (직원번호, 경력번호, 경력내용, 경력시작일자, 기간) VALUES ('49832', '31624', '웹 개발', '1973-09-23', '172');
INSERT INTO 경력 (직원번호, 경력번호, 경력내용, 경력시작일자, 기간) VALUES ('48715', '27371', '게임 아트 및 디자인', '1966-10-24', '176');
INSERT INTO 경력 (직원번호, 경력번호, 경력내용, 경력시작일자, 기간) VALUES ('23961', '38464', '산업용 제어 시스템 프로그래머', '2008-05-28', '108');
INSERT INTO 경력 (직원번호, 경력번호, 경력내용, 경력시작일자, 기간) VALUES ('34768', '19010', '지능형 교통 시스템 엔지니어', '2002-12-01', '686');
INSERT INTO 경력 (직원번호, 경력번호, 경력내용, 경력시작일자, 기간) VALUES ('41379', '32758', '클라우드 컴퓨팅', '2013-11-07', '1435');
INSERT INTO 경력 (직원번호, 경력번호, 경력내용, 경력시작일자, 기간) VALUES ('17345', '39577', '버전 관리 (Git 등)', '1961-08-02', '976');
INSERT INTO 경력 (직원번호, 경력번호, 경력내용, 경력시작일자, 기간) VALUES ('25684', '38520', '산업용 자동화 시스템 개발', '2010-04-13', '1005');
INSERT INTO 경력 (직원번호, 경력번호, 경력내용, 경력시작일자, 기간) VALUES ('47126', '20195', '의료 소프트웨어 개발', '2008-05-15', '1151');
INSERT INTO 경력 (직원번호, 경력번호, 경력내용, 경력시작일자, 기간) VALUES ('24635', '30326', '클라이언트/서버 애플리케이션 개발자', '2011-04-12', '1489');
INSERT INTO 경력 (직원번호, 경력번호, 경력내용, 경력시작일자, 기간) VALUES ('53842', '39790', '자연어 처리', '2004-08-13', '1187');
INSERT INTO 경력 (직원번호, 경력번호, 경력내용, 경력시작일자, 기간) VALUES ('53871', '23829', '디지털 마케팅 소프트웨어 개발', '2009-11-23', '1400');
INSERT INTO 경력 (직원번호, 경력번호, 경력내용, 경력시작일자, 기간) VALUES ('17345', '21477', '앱 개발', '1970-08-08', '151');
INSERT INTO 경력 (직원번호, 경력번호, 경력내용, 경력시작일자, 기간) VALUES ('51293', '12324', '자동차 정보 시스템', '2012-06-20', '137');
INSERT INTO 경력 (직원번호, 경력번호, 경력내용, 경력시작일자, 기간) VALUES ('53842', '24460', '블록체인 기반 식별 시스템', '1961-01-02', '986');
INSERT INTO 경력 (직원번호, 경력번호, 경력내용, 경력시작일자, 기간) VALUES ('47126', '38704', '버전 관리 (Git 등)', '1996-01-07', '570');
INSERT INTO 경력 (직원번호, 경력번호, 경력내용, 경력시작일자, 기간) VALUES ('53421', '30556', '인공지능 윤리 전문가', '1986-10-15', '748');
INSERT INTO 경력 (직원번호, 경력번호, 경력내용, 경력시작일자, 기간) VALUES ('46985', '33271', '소프트웨어 아키텍처 설계', '2009-09-03', '1487');
INSERT INTO 경력 (직원번호, 경력번호, 경력내용, 경력시작일자, 기간) VALUES ('21573', '22717', '공간 정보 시스템 (GIS) 개발', '1961-06-08', '232');
INSERT INTO 경력 (직원번호, 경력번호, 경력내용, 경력시작일자, 기간) VALUES ('52417', '14565', '오픈소스 프로젝트 기여자', '1996-01-08', '855');
INSERT INTO 경력 (직원번호, 경력번호, 경력내용, 경력시작일자, 기간) VALUES ('51247', '13584', '클라우드 보안', '2022-05-10', '349');
INSERT INTO 경력 (직원번호, 경력번호, 경력내용, 경력시작일자, 기간) VALUES ('38754', '12963', '양자 컴퓨팅 알고리즘 개발', '2011-12-16', '280');
INSERT INTO 경력 (직원번호, 경력번호, 경력내용, 경력시작일자, 기간) VALUES ('36571', '14675', '디지털 플랫폼 아키텍트', '2007-03-11', '957');
INSERT INTO 경력 (직원번호, 경력번호, 경력내용, 경력시작일자, 기간) VALUES ('51379', '30175', '오픈소스 프로젝트 기여자', '1993-06-07', '305');
INSERT INTO 경력 (직원번호, 경력번호, 경력내용, 경력시작일자, 기간) VALUES ('42761', '25205', '금융 데이터 분석', '2002-11-20', '215');
INSERT INTO 경력 (직원번호, 경력번호, 경력내용, 경력시작일자, 기간) VALUES ('25684', '22734', '브랜드 디지털 전문가', '1998-01-06', '389');
INSERT INTO 경력 (직원번호, 경력번호, 경력내용, 경력시작일자, 기간) VALUES ('51834', '16962', '정보 시스템 감사인', '1969-01-22', '1210');
INSERT INTO 경력 (직원번호, 경력번호, 경력내용, 경력시작일자, 기간) VALUES ('35682', '34855', '웹 서비스 개발 (RESTful 등)', '1966-12-22', '760');
INSERT INTO 경력 (직원번호, 경력번호, 경력내용, 경력시작일자, 기간) VALUES ('52174', '11752', '게임 아트 및 디자인', '1968-02-17', '937');
INSERT INTO 경력 (직원번호, 경력번호, 경력내용, 경력시작일자, 기간) VALUES ('49832', '30072', '기술 컨설턴트', '1994-10-09', '1393');
INSERT INTO 경력 (직원번호, 경력번호, 경력내용, 경력시작일자, 기간) VALUES ('49832', '23169', '게임 물리 엔진 개발자', '1968-05-14', '837');
INSERT INTO 경력 (직원번호, 경력번호, 경력내용, 경력시작일자, 기간) VALUES ('51293', '12589', '자율 주행차 소프트웨어', '2001-10-23', '398');
INSERT INTO 경력 (직원번호, 경력번호, 경력내용, 경력시작일자, 기간) VALUES ('39248', '32044', '클라우드 보안', '1975-12-21', '640');
INSERT INTO 경력 (직원번호, 경력번호, 경력내용, 경력시작일자, 기간) VALUES ('46128', '22181', '금융 소프트웨어 개발', '2013-04-01', '1162');
INSERT INTO 경력 (직원번호, 경력번호, 경력내용, 경력시작일자, 기간) VALUES ('46137', '27549', '사이버 보안 전문가', '1985-08-28', '1411');
INSERT INTO 경력 (직원번호, 경력번호, 경력내용, 경력시작일자, 기간) VALUES ('15947', '41240', '성능 튜닝 및 최적화 엔지니어', '2014-10-02', '551');
INSERT INTO 경력 (직원번호, 경력번호, 경력내용, 경력시작일자, 기간) VALUES ('41379', '18213', '오픈소스 프로젝트 기여자', '1992-10-13', '328');
INSERT INTO 경력 (직원번호, 경력번호, 경력내용, 경력시작일자, 기간) VALUES ('34127', '36428', '프로젝트 관리', '2012-08-27', '1478');
INSERT INTO 경력 (직원번호, 경력번호, 경력내용, 경력시작일자, 기간) VALUES ('51487', '16287', '웹 개발', '1988-12-26', '177');
INSERT INTO 경력 (직원번호, 경력번호, 경력내용, 경력시작일자, 기간) VALUES ('34768', '12363', '자동차 정보 시스템', '1987-10-13', '966');
INSERT INTO 경력 (직원번호, 경력번호, 경력내용, 경력시작일자, 기간) VALUES ('38754', '17619', '실시간 시스템 개발', '1999-09-11', '856');
INSERT INTO 경력 (직원번호, 경력번호, 경력내용, 경력시작일자, 기간) VALUES ('51487', '35205', '클러스터 및 분산 시스템 개발', '1963-04-27', '1434');
INSERT INTO 경력 (직원번호, 경력번호, 경력내용, 경력시작일자, 기간) VALUES ('46137', '23584', '오픈소스 소프트웨어 기여', '1987-09-10', '1288');
INSERT INTO 경력 (직원번호, 경력번호, 경력내용, 경력시작일자, 기간) VALUES ('41835', '38712', '로봇 공학 및 자동화 엔지니어', '2014-06-03', '143');
INSERT INTO 경력 (직원번호, 경력번호, 경력내용, 경력시작일자, 기간) VALUES ('41835', '38289', '기술 지원 및 고객 서비스', '2009-01-06', '200');
INSERT INTO 경력 (직원번호, 경력번호, 경력내용, 경력시작일자, 기간) VALUES ('23961', '37870', '게임 엔진 개발', '1995-01-01', '433');
INSERT INTO 경력 (직원번호, 경력번호, 경력내용, 경력시작일자, 기간) VALUES ('51689', '38570', '웹 애플리케이션 보안 엔지니어', '1973-04-04', '795');
INSERT INTO 경력 (직원번호, 경력번호, 경력내용, 경력시작일자, 기간) VALUES ('51487', '36969', '데이터베이스 설계 및 관리', '2021-05-12', '1450');
INSERT INTO 경력 (직원번호, 경력번호, 경력내용, 경력시작일자, 기간) VALUES ('52174', '12943', '인공지능 윤리 전문가', '1969-04-10', '538');
INSERT INTO 경력 (직원번호, 경력번호, 경력내용, 경력시작일자, 기간) VALUES ('23517', '21342', '클라우드 컴퓨팅', '2020-06-23', '413');
INSERT INTO 경력 (직원번호, 경력번호, 경력내용, 경력시작일자, 기간) VALUES ('36571', '24146', '산업용 IoT 시스템', '1973-04-11', '312');
INSERT INTO 경력 (직원번호, 경력번호, 경력내용, 경력시작일자, 기간) VALUES ('23517', '37067', '게임 AI 프로그래밍', '2007-12-27', '1165');
INSERT INTO 경력 (직원번호, 경력번호, 경력내용, 경력시작일자, 기간) VALUES ('23961', '19853', '기술 지원 및 고객 서비스', '1984-05-16', '627');
INSERT INTO 경력 (직원번호, 경력번호, 경력내용, 경력시작일자, 기간) VALUES ('17345', '34766', '게임 개발', '2003-03-23', '103');
INSERT INTO 경력 (직원번호, 경력번호, 경력내용, 경력시작일자, 기간) VALUES ('18754', '30355', '데이터베이스 설계 및 관리', '1981-05-21', '1139');
INSERT INTO 경력 (직원번호, 경력번호, 경력내용, 경력시작일자, 기간) VALUES ('49378', '33342', '소프트웨어 아키텍처 설계', '2017-03-05', '873');
INSERT INTO 경력 (직원번호, 경력번호, 경력내용, 경력시작일자, 기간) VALUES ('50974', '30426', '기술 컨설턴트', '2021-10-09', '1151');
INSERT INTO 경력 (직원번호, 경력번호, 경력내용, 경력시작일자, 기간) VALUES ('52461', '39812', '기술 블로거 및 작가', '1973-06-21', '716');
INSERT INTO 경력 (직원번호, 경력번호, 경력내용, 경력시작일자, 기간) VALUES ('34681', '40814', '데이터 마이닝 및 분석', '1960-05-25', '1297');
INSERT INTO 경력 (직원번호, 경력번호, 경력내용, 경력시작일자, 기간) VALUES ('53871', '11355', '창업 및 스타트업 경험', '2003-03-06', '605');
INSERT INTO 경력 (직원번호, 경력번호, 경력내용, 경력시작일자, 기간) VALUES ('36254', '42637', '소프트웨어 테스트 및 품질 보증', '2002-07-07', '559');
INSERT INTO 경력 (직원번호, 경력번호, 경력내용, 경력시작일자, 기간) VALUES ('17854', '20353', '머신러닝 엔지니어', '1972-05-11', '1158');
INSERT INTO 경력 (직원번호, 경력번호, 경력내용, 경력시작일자, 기간) VALUES ('46128', '26303', '사물인터넷 보안', '2023-01-09', '1337');
INSERT INTO 경력 (직원번호, 경력번호, 경력내용, 경력시작일자, 기간) VALUES ('15748', '14213', '게임 물리 엔진 개발자', '1988-05-25', '243');
INSERT INTO 경력 (직원번호, 경력번호, 경력내용, 경력시작일자, 기간) VALUES ('52174', '34050', '사용자 인터페이스 (UI) 디자인', '1961-01-04', '944');
INSERT INTO 경력 (직원번호, 경력번호, 경력내용, 경력시작일자, 기간) VALUES ('53621', '36909', '교육 및 트레이닝 강사', '2001-02-01', '1372');
INSERT INTO 경력 (직원번호, 경력번호, 경력내용, 경력시작일자, 기간) VALUES ('41379', '40674', '휴먼컴퓨터 상호작용 디자이너', '1986-12-24', '1116');
INSERT INTO 경력 (직원번호, 경력번호, 경력내용, 경력시작일자, 기간) VALUES ('36571', '30259', '자연어 생성 (NLG) 개발', '1987-08-16', '870');
INSERT INTO 경력 (직원번호, 경력번호, 경력내용, 경력시작일자, 기간) VALUES ('36254', '36504', '블록체인 개발', '2005-06-07', '1446');
INSERT INTO 경력 (직원번호, 경력번호, 경력내용, 경력시작일자, 기간) VALUES ('48715', '15938', 'IT 교육 및 교육자', '1970-10-19', '1310');
INSERT INTO 경력 (직원번호, 경력번호, 경력내용, 경력시작일자, 기간) VALUES ('34681', '13959', '음성 합성 및 음성 처리', '2003-10-18', '739');
INSERT INTO 경력 (직원번호, 경력번호, 경력내용, 경력시작일자, 기간) VALUES ('52174', '24700', 'IT 교육 및 교육자', '1984-10-04', '658');
INSERT INTO 경력 (직원번호, 경력번호, 경력내용, 경력시작일자, 기간) VALUES ('35682', '28330', '컴퓨터 네트워크 프로토콜 개발', '1964-09-27', '633');
INSERT INTO 경력 (직원번호, 경력번호, 경력내용, 경력시작일자, 기간) VALUES ('41835', '30710', '산업용 자동화 시스템 개발', '1966-05-24', '643');
INSERT INTO 경력 (직원번호, 경력번호, 경력내용, 경력시작일자, 기간) VALUES ('47126', '28115', '의료정보 기술 (Health IT)', '1982-03-02', '878');
INSERT INTO 경력 (직원번호, 경력번호, 경력내용, 경력시작일자, 기간) VALUES ('51293', '28132', '웹 개발', '1977-02-13', '332');
INSERT INTO 경력 (직원번호, 경력번호, 경력내용, 경력시작일자, 기간) VALUES ('52147', '11723', '웹 서비스 보안', '1988-09-27', '235');
INSERT INTO 경력 (직원번호, 경력번호, 경력내용, 경력시작일자, 기간) VALUES ('47126', '11885', '공간 정보 시스템 (GIS) 개발', '2007-06-20', '845');
INSERT INTO 경력 (직원번호, 경력번호, 경력내용, 경력시작일자, 기간) VALUES ('51834', '42168', 'IT 교육 및 교육자', '1972-06-07', '1277');
INSERT INTO 경력 (직원번호, 경력번호, 경력내용, 경력시작일자, 기간) VALUES ('15947', '14693', '증강 현실 (AR) 게임 개발', '1960-01-14', '1359');
INSERT INTO 경력 (직원번호, 경력번호, 경력내용, 경력시작일자, 기간) VALUES ('52174', '36679', '게임 아트 및 디자인', '2005-06-07', '1262');
INSERT INTO 경력 (직원번호, 경력번호, 경력내용, 경력시작일자, 기간) VALUES ('43276', '37726', '클러스터 및 분산 시스템 개발', '1991-10-01', '1430');
INSERT INTO 경력 (직원번호, 경력번호, 경력내용, 경력시작일자, 기간) VALUES ('14657', '16021', '의료정보 기술 (Health IT)', '1961-05-22', '751');
INSERT INTO 경력 (직원번호, 경력번호, 경력내용, 경력시작일자, 기간) VALUES ('48715', '39873', '지능형 교통 시스템 엔지니어', '1965-10-11', '293');
INSERT INTO 경력 (직원번호, 경력번호, 경력내용, 경력시작일자, 기간) VALUES ('34681', '14806', '가상 현실 (VR) 및 증강 현실 (AR) 개발', '1998-11-16', '410');
INSERT INTO 경력 (직원번호, 경력번호, 경력내용, 경력시작일자, 기간) VALUES ('47126', '11012', '헬스케어 IT 컨설턴트', '1966-07-14', '1352');
INSERT INTO 경력 (직원번호, 경력번호, 경력내용, 경력시작일자, 기간) VALUES ('34768', '22290', '디지털 헬스케어 소프트웨어 엔지니어', '2004-05-19', '1448');
INSERT INTO 경력 (직원번호, 경력번호, 경력내용, 경력시작일자, 기간) VALUES ('28764', '10248', '의료 영상 처리', '1976-08-15', '1008');
INSERT INTO 경력 (직원번호, 경력번호, 경력내용, 경력시작일자, 기간) VALUES ('23517', '34722', '실시간 시스템 개발', '1979-09-14', '514');
INSERT INTO 경력 (직원번호, 경력번호, 경력내용, 경력시작일자, 기간) VALUES ('23961', '36423', '데이터베이스 성능 최적화', '2010-08-19', '356');
INSERT INTO 경력 (직원번호, 경력번호, 경력내용, 경력시작일자, 기간) VALUES ('56921', '17462', '디지털 트랜스포메이션 전문가', '2022-11-27', '139');
INSERT INTO 경력 (직원번호, 경력번호, 경력내용, 경력시작일자, 기간) VALUES ('38516', '13925', '소셜 미디어 앱 개발', '1978-03-08', '1366');
INSERT INTO 경력 (직원번호, 경력번호, 경력내용, 경력시작일자, 기간) VALUES ('52147', '39292', '브랜드 디지털 전문가', '2006-04-13', '784');
INSERT INTO 경력 (직원번호, 경력번호, 경력내용, 경력시작일자, 기간) VALUES ('51247', '10540', '기술 블로거 및 작가', '1991-03-20', '1261');
INSERT INTO 경력 (직원번호, 경력번호, 경력내용, 경력시작일자, 기간) VALUES ('17345', '41418', '빅데이터 시각화', '1996-04-21', '333');
INSERT INTO 경력 (직원번호, 경력번호, 경력내용, 경력시작일자, 기간) VALUES ('46587', '26925', '지능형 교통 시스템', '1997-05-21', '1430');
INSERT INTO 경력 (직원번호, 경력번호, 경력내용, 경력시작일자, 기간) VALUES ('51689', '35162', '사용자 경험 (UX) 디자인', '1963-01-18', '802');
INSERT INTO 경력 (직원번호, 경력번호, 경력내용, 경력시작일자, 기간) VALUES ('46785', '33146', '디지털 트윈 (Digital Twin) 개발', '1962-09-26', '262');
INSERT INTO 경력 (직원번호, 경력번호, 경력내용, 경력시작일자, 기간) VALUES ('25684', '25075', '디지털 화폐 및 결제 시스템', '1961-08-20', '864');
INSERT INTO 경력 (직원번호, 경력번호, 경력내용, 경력시작일자, 기간) VALUES ('47851', '22570', '시스템 아키텍처 설계', '2016-10-11', '141');
INSERT INTO 경력 (직원번호, 경력번호, 경력내용, 경력시작일자, 기간) VALUES ('47851', '22549', '마이크로서비스 아키텍처', '1970-04-15', '313');
INSERT INTO 경력 (직원번호, 경력번호, 경력내용, 경력시작일자, 기간) VALUES ('49832', '20910', '리액티브 프로그래밍', '1976-02-19', '1195');
INSERT INTO 경력 (직원번호, 경력번호, 경력내용, 경력시작일자, 기간) VALUES ('15382', '40714', '오픈소스 프로젝트 기여자', '1999-06-12', '1184');
INSERT INTO 경력 (직원번호, 경력번호, 경력내용, 경력시작일자, 기간) VALUES ('51293', '20004', '머신러닝 모델 해석 및 해석가능성', '2023-09-03', '300');
INSERT INTO 경력 (직원번호, 경력번호, 경력내용, 경력시작일자, 기간) VALUES ('23517', '29281', '콘텐츠 관리 시스템', '1960-02-09', '1229');
INSERT INTO 경력 (직원번호, 경력번호, 경력내용, 경력시작일자, 기간) VALUES ('15382', '33826', '음성 합성 및 음성 처리', '1980-10-25', '1044');
INSERT INTO 경력 (직원번호, 경력번호, 경력내용, 경력시작일자, 기간) VALUES ('49835', '10943', '스마트 홈 기술 개발자', '1981-10-20', '1422');
INSERT INTO 경력 (직원번호, 경력번호, 경력내용, 경력시작일자, 기간) VALUES ('18754', '17585', '디지털 플랫폼 아키텍트', '1986-08-06', '1277');
INSERT INTO 경력 (직원번호, 경력번호, 경력내용, 경력시작일자, 기간) VALUES ('48256', '26893', '통합 시스템 테스트 엔지니어', '1965-01-12', '1197');
INSERT INTO 경력 (직원번호, 경력번호, 경력내용, 경력시작일자, 기간) VALUES ('48921', '23161', '소프트웨어 디버깅 및 성능 최적화', '2008-11-20', '960');
INSERT INTO 경력 (직원번호, 경력번호, 경력내용, 경력시작일자, 기간) VALUES ('34768', '38510', '컴퓨터 비전 알고리즘 개발자', '2014-08-27', '1066');
INSERT INTO 경력 (직원번호, 경력번호, 경력내용, 경력시작일자, 기간) VALUES ('48715', '35391', '빅데이터 아키텍처 설계자', '1964-11-21', '882');
INSERT INTO 경력 (직원번호, 경력번호, 경력내용, 경력시작일자, 기간) VALUES ('35682', '14460', '게임 개발', '2020-02-27', '239');
INSERT INTO 경력 (직원번호, 경력번호, 경력내용, 경력시작일자, 기간) VALUES ('38516', '19789', '네트워크 가상화 엔지니어', '2011-07-27', '912');
INSERT INTO 경력 (직원번호, 경력번호, 경력내용, 경력시작일자, 기간) VALUES ('52436', '12481', '정보 시스템 감사인', '1984-04-17', '358');
INSERT INTO 경력 (직원번호, 경력번호, 경력내용, 경력시작일자, 기간) VALUES ('21573', '15967', '인공지능 윤리 전문가', '2023-01-04', '561');
INSERT INTO 경력 (직원번호, 경력번호, 경력내용, 경력시작일자, 기간) VALUES ('49378', '15204', 'IoT 보안 전문가', '1991-11-10', '1498');
INSERT INTO 경력 (직원번호, 경력번호, 경력내용, 경력시작일자, 기간) VALUES ('52461', '28700', '의료 소프트웨어 개발', '1988-08-01', '1015');
INSERT INTO 경력 (직원번호, 경력번호, 경력내용, 경력시작일자, 기간) VALUES ('27135', '13447', 'IT 인프라스트럭처 아키텍트', '2003-03-16', '1055');
INSERT INTO 경력 (직원번호, 경력번호, 경력내용, 경력시작일자, 기간) VALUES ('42981', '36948', '클러스터 및 분산 시스템 개발', '2022-11-21', '844');
INSERT INTO 경력 (직원번호, 경력번호, 경력내용, 경력시작일자, 기간) VALUES ('47126', '42182', '사용자 경험 (UX) 디자인', '1994-10-13', '932');
INSERT INTO 경력 (직원번호, 경력번호, 경력내용, 경력시작일자, 기간) VALUES ('46985', '25969', '버전 관리 (Git 등)', '2006-06-17', '116');
INSERT INTO 경력 (직원번호, 경력번호, 경력내용, 경력시작일자, 기간) VALUES ('48532', '42196', '풀스택 개발', '2020-12-27', '440');
INSERT INTO 경력 (직원번호, 경력번호, 경력내용, 경력시작일자, 기간) VALUES ('17345', '27612', '블록체인 기반 식별 시스템', '1979-09-02', '1132');
INSERT INTO 경력 (직원번호, 경력번호, 경력내용, 경력시작일자, 기간) VALUES ('35682', '40238', '성능 튜닝 및 최적화 엔지니어', '1971-02-18', '474');
INSERT INTO 경력 (직원번호, 경력번호, 경력내용, 경력시작일자, 기간) VALUES ('52347', '12111', '디지털 마케팅 플랫폼 개발자', '2013-09-27', '438');
INSERT INTO 경력 (직원번호, 경력번호, 경력내용, 경력시작일자, 기간) VALUES ('36254', '37465', '오픈소스 프로젝트 기여자', '2009-06-15', '164');
INSERT INTO 경력 (직원번호, 경력번호, 경력내용, 경력시작일자, 기간) VALUES ('53871', '32830', '모바일 앱 개발', '1986-06-18', '462');
INSERT INTO 경력 (직원번호, 경력번호, 경력내용, 경력시작일자, 기간) VALUES ('23654', '24364', '의료정보 기술 (Health IT)', '1974-04-26', '1058');
INSERT INTO 경력 (직원번호, 경력번호, 경력내용, 경력시작일자, 기간) VALUES ('48921', '26595', '사이버 보안 전문가', '1983-07-07', '1463');
INSERT INTO 경력 (직원번호, 경력번호, 경력내용, 경력시작일자, 기간) VALUES ('52347', '17926', '소프트웨어 품질 향상 담당자', '1966-09-24', '937');
INSERT INTO 경력 (직원번호, 경력번호, 경력내용, 경력시작일자, 기간) VALUES ('41379', '19860', '창업 및 스타트업 경험', '1998-07-15', '329');
INSERT INTO 경력 (직원번호, 경력번호, 경력내용, 경력시작일자, 기간) VALUES ('52174', '28434', '웹 서비스 개발 (RESTful 등)', '2006-12-28', '968');
INSERT INTO 경력 (직원번호, 경력번호, 경력내용, 경력시작일자, 기간) VALUES ('46785', '11881', '웹 서버 설정 및 유지보수', '1990-07-07', '328');
INSERT INTO 경력 (직원번호, 경력번호, 경력내용, 경력시작일자, 기간) VALUES ('50328', '36063', '금융 데이터 사이언티스트', '1967-11-02', '1182');
INSERT INTO 경력 (직원번호, 경력번호, 경력내용, 경력시작일자, 기간) VALUES ('53421', '42075', '데이터 과학자', '2002-10-17', '721');
INSERT INTO 경력 (직원번호, 경력번호, 경력내용, 경력시작일자, 기간) VALUES ('28764', '18928', '웹 애플리케이션 성능 엔지니어', '1977-09-19', '414');

INSERT INTO 급여(사원번호, 급여일자, 기본급여, 인센티브, 세금) VALUES (24635, '2021-09-01', 380, 70, 20);
INSERT INTO 급여(사원번호, 급여일자, 기본급여, 인센티브, 세금) VALUES (56142, '2023-07-01', 330, 60, 50);
INSERT INTO 급여(사원번호, 급여일자, 기본급여, 인센티브, 세금) VALUES (23654, '2021-02-01', 370, 50, 20);
INSERT INTO 급여(사원번호, 급여일자, 기본급여, 인센티브, 세금) VALUES (34681, '2021-10-01', 380, 90, 40);
INSERT INTO 급여(사원번호, 급여일자, 기본급여, 인센티브, 세금) VALUES (56921, '2021-12-01', 320, 90, 50);
INSERT INTO 급여(사원번호, 급여일자, 기본급여, 인센티브, 세금) VALUES (52174, '2021-10-01', 330, 30, 40);
INSERT INTO 급여(사원번호, 급여일자, 기본급여, 인센티브, 세금) VALUES (52947, '2023-10-01', 290, 70, 50);
INSERT INTO 급여(사원번호, 급여일자, 기본급여, 인센티브, 세금) VALUES (25684, '2021-05-01', 340, 70, 40);
INSERT INTO 급여(사원번호, 급여일자, 기본급여, 인센티브, 세금) VALUES (23961, '2022-07-01', 500, 80, 30);
INSERT INTO 급여(사원번호, 급여일자, 기본급여, 인센티브, 세금) VALUES (48532, '2021-07-01', 460, 20, 30);
INSERT INTO 급여(사원번호, 급여일자, 기본급여, 인센티브, 세금) VALUES (49173, '2023-05-01', 370, 20, 20);
INSERT INTO 급여(사원번호, 급여일자, 기본급여, 인센티브, 세금) VALUES (50814, '2023-04-01', 540, 20, 30);
INSERT INTO 급여(사원번호, 급여일자, 기본급여, 인센티브, 세금) VALUES (34768, '2022-05-01', 390, 50, 50);
INSERT INTO 급여(사원번호, 급여일자, 기본급여, 인센티브, 세금) VALUES (21573, '2022-02-01', 330, 80, 20);
INSERT INTO 급여(사원번호, 급여일자, 기본급여, 인센티브, 세금) VALUES (50328, '2023-07-01', 440, 20, 50);
INSERT INTO 급여(사원번호, 급여일자, 기본급여, 인센티브, 세금) VALUES (50814, '2022-06-01', 430, 30, 50);
INSERT INTO 급여(사원번호, 급여일자, 기본급여, 인센티브, 세금) VALUES (52461, '2021-10-01', 330, 100, 30);
INSERT INTO 급여(사원번호, 급여일자, 기본급여, 인센티브, 세금) VALUES (49728, '2022-10-01', 530, 20, 50);
INSERT INTO 급여(사원번호, 급여일자, 기본급여, 인센티브, 세금) VALUES (53642, '2022-01-01', 550, 10, 40);
INSERT INTO 급여(사원번호, 급여일자, 기본급여, 인센티브, 세금) VALUES (37645, '2021-06-01', 440, 20, 30);
INSERT INTO 급여(사원번호, 급여일자, 기본급여, 인센티브, 세금) VALUES (53146, '2021-09-01', 510, 70, 50);
INSERT INTO 급여(사원번호, 급여일자, 기본급여, 인센티브, 세금) VALUES (50328, '2022-07-01', 520, 10, 20);
INSERT INTO 급여(사원번호, 급여일자, 기본급여, 인센티브, 세금) VALUES (49728, '2021-11-01', 500, 60, 20);
INSERT INTO 급여(사원번호, 급여일자, 기본급여, 인센티브, 세금) VALUES (53472, '2021-06-01', 410, 10, 30);
INSERT INTO 급여(사원번호, 급여일자, 기본급여, 인센티브, 세금) VALUES (47126, '2021-09-01', 520, 60, 20);
INSERT INTO 급여(사원번호, 급여일자, 기본급여, 인센티브, 세금) VALUES (21486, '2023-07-01', 460, 70, 50);
INSERT INTO 급여(사원번호, 급여일자, 기본급여, 인센티브, 세금) VALUES (49728, '2022-06-01', 310, 70, 40);
INSERT INTO 급여(사원번호, 급여일자, 기본급여, 인센티브, 세금) VALUES (25684, '2023-03-01', 370, 20, 50);
INSERT INTO 급여(사원번호, 급여일자, 기본급여, 인센티브, 세금) VALUES (49215, '2021-06-01', 370, 50, 30);
INSERT INTO 급여(사원번호, 급여일자, 기본급여, 인센티브, 세금) VALUES (52147, '2023-05-01', 500, 20, 30);
INSERT INTO 급여(사원번호, 급여일자, 기본급여, 인센티브, 세금) VALUES (36571, '2021-04-01', 440, 10, 30);
INSERT INTO 급여(사원번호, 급여일자, 기본급여, 인센티브, 세금) VALUES (35127, '2021-11-01', 430, 90, 50);
INSERT INTO 급여(사원번호, 급여일자, 기본급여, 인센티브, 세금) VALUES (53421, '2022-02-01', 300, 40, 20);
INSERT INTO 급여(사원번호, 급여일자, 기본급여, 인센티브, 세금) VALUES (46785, '2023-03-01', 430, 10, 20);
INSERT INTO 급여(사원번호, 급여일자, 기본급여, 인센티브, 세금) VALUES (42981, '2021-04-01', 380, 50, 50);
INSERT INTO 급여(사원번호, 급여일자, 기본급여, 인센티브, 세금) VALUES (48921, '2021-10-01', 470, 20, 40);
INSERT INTO 급여(사원번호, 급여일자, 기본급여, 인센티브, 세금) VALUES (52147, '2023-10-01', 500, 20, 40);
INSERT INTO 급여(사원번호, 급여일자, 기본급여, 인센티브, 세금) VALUES (49827, '2022-02-01', 460, 70, 30);
INSERT INTO 급여(사원번호, 급여일자, 기본급여, 인센티브, 세금) VALUES (25684, '2021-12-01', 480, 70, 20);
INSERT INTO 급여(사원번호, 급여일자, 기본급여, 인센티브, 세금) VALUES (37645, '2023-01-01', 480, 30, 40);
INSERT INTO 급여(사원번호, 급여일자, 기본급여, 인센티브, 세금) VALUES (49832, '2022-04-01', 550, 40, 30);
INSERT INTO 급여(사원번호, 급여일자, 기본급여, 인센티브, 세금) VALUES (42981, '2023-07-01', 420, 70, 40);
INSERT INTO 급여(사원번호, 급여일자, 기본급여, 인센티브, 세금) VALUES (37645, '2022-05-01', 310, 80, 40);
INSERT INTO 급여(사원번호, 급여일자, 기본급여, 인센티브, 세금) VALUES (46128, '2022-07-01', 310, 30, 40);
INSERT INTO 급여(사원번호, 급여일자, 기본급여, 인센티브, 세금) VALUES (23961, '2021-01-01', 430, 20, 30);
INSERT INTO 급여(사원번호, 급여일자, 기본급여, 인센티브, 세금) VALUES (39741, '2022-07-01', 400, 60, 50);
INSERT INTO 급여(사원번호, 급여일자, 기본급여, 인센티브, 세금) VALUES (48532, '2023-04-01', 520, 30, 50);
INSERT INTO 급여(사원번호, 급여일자, 기본급여, 인센티브, 세금) VALUES (41625, '2023-04-01', 530, 20, 30);
INSERT INTO 급여(사원번호, 급여일자, 기본급여, 인센티브, 세금) VALUES (51379, '2023-09-01', 530, 90, 40);
INSERT INTO 급여(사원번호, 급여일자, 기본급여, 인센티브, 세금) VALUES (56142, '2021-04-01', 540, 80, 20);
INSERT INTO 급여(사원번호, 급여일자, 기본급여, 인센티브, 세금) VALUES (54732, '2023-09-01', 510, 100, 50);
INSERT INTO 급여(사원번호, 급여일자, 기본급여, 인센티브, 세금) VALUES (27135, '2022-10-01', 360, 80, 30);
INSERT INTO 급여(사원번호, 급여일자, 기본급여, 인센티브, 세금) VALUES (41625, '2021-02-01', 330, 40, 40);
INSERT INTO 급여(사원번호, 급여일자, 기본급여, 인센티브, 세금) VALUES (46587, '2022-06-01', 370, 20, 20);
INSERT INTO 급여(사원번호, 급여일자, 기본급여, 인센티브, 세금) VALUES (25684, '2022-02-01', 300, 30, 30);
INSERT INTO 급여(사원번호, 급여일자, 기본급여, 인센티브, 세금) VALUES (42981, '2023-08-01', 400, 90, 30);
INSERT INTO 급여(사원번호, 급여일자, 기본급여, 인센티브, 세금) VALUES (50328, '2022-05-01', 500, 10, 20);
INSERT INTO 급여(사원번호, 급여일자, 기본급여, 인센티브, 세금) VALUES (52436, '2021-11-01', 320, 70, 50);
INSERT INTO 급여(사원번호, 급여일자, 기본급여, 인센티브, 세금) VALUES (52184, '2021-03-01', 490, 80, 30);
INSERT INTO 급여(사원번호, 급여일자, 기본급여, 인센티브, 세금) VALUES (53842, '2021-12-01', 290, 50, 40);
INSERT INTO 급여(사원번호, 급여일자, 기본급여, 인센티브, 세금) VALUES (49832, '2022-06-01', 480, 90, 30);
INSERT INTO 급여(사원번호, 급여일자, 기본급여, 인센티브, 세금) VALUES (41379, '2022-07-01', 420, 20, 50);
INSERT INTO 급여(사원번호, 급여일자, 기본급여, 인센티브, 세금) VALUES (23517, '2021-03-01', 480, 70, 40);
INSERT INTO 급여(사원번호, 급여일자, 기본급여, 인센티브, 세금) VALUES (48256, '2022-05-01', 510, 30, 20);
INSERT INTO 급여(사원번호, 급여일자, 기본급여, 인센티브, 세금) VALUES (41379, '2021-05-01', 430, 40, 50);
INSERT INTO 급여(사원번호, 급여일자, 기본급여, 인센티브, 세금) VALUES (15947, '2021-09-01', 380, 40, 20);
INSERT INTO 급여(사원번호, 급여일자, 기본급여, 인센티브, 세금) VALUES (42935, '2021-09-01', 460, 60, 20);
INSERT INTO 급여(사원번호, 급여일자, 기본급여, 인센티브, 세금) VALUES (52461, '2023-04-01', 540, 70, 20);
INSERT INTO 급여(사원번호, 급여일자, 기본급여, 인센티브, 세금) VALUES (21573, '2022-03-01', 290, 100, 20);
INSERT INTO 급여(사원번호, 급여일자, 기본급여, 인센티브, 세금) VALUES (52947, '2021-02-01', 400, 80, 20);
INSERT INTO 급여(사원번호, 급여일자, 기본급여, 인센티브, 세금) VALUES (39248, '2021-11-01', 460, 20, 20);
INSERT INTO 급여(사원번호, 급여일자, 기본급여, 인센티브, 세금) VALUES (51247, '2023-01-01', 370, 60, 40);
INSERT INTO 급여(사원번호, 급여일자, 기본급여, 인센티브, 세금) VALUES (46137, '2022-07-01', 310, 80, 30);
INSERT INTO 급여(사원번호, 급여일자, 기본급여, 인센티브, 세금) VALUES (41835, '2021-02-01', 360, 100, 40);
INSERT INTO 급여(사원번호, 급여일자, 기본급여, 인센티브, 세금) VALUES (21573, '2023-05-01', 340, 90, 40);
INSERT INTO 급여(사원번호, 급여일자, 기본급여, 인센티브, 세금) VALUES (53924, '2021-12-01', 340, 90, 20);
INSERT INTO 급여(사원번호, 급여일자, 기본급여, 인센티브, 세금) VALUES (27135, '2021-01-01', 520, 20, 50);
INSERT INTO 급여(사원번호, 급여일자, 기본급여, 인센티브, 세금) VALUES (23517, '2021-04-01', 340, 20, 20);
INSERT INTO 급여(사원번호, 급여일자, 기본급여, 인센티브, 세금) VALUES (42759, '2021-11-01', 430, 70, 50);
INSERT INTO 급여(사원번호, 급여일자, 기본급여, 인센티브, 세금) VALUES (21486, '2023-01-01', 440, 50, 30);
INSERT INTO 급여(사원번호, 급여일자, 기본급여, 인센티브, 세금) VALUES (15382, '2021-12-01', 310, 30, 30);
INSERT INTO 급여(사원번호, 급여일자, 기본급여, 인센티브, 세금) VALUES (53421, '2022-03-01', 340, 100, 20);
INSERT INTO 급여(사원번호, 급여일자, 기본급여, 인센티브, 세금) VALUES (41856, '2021-09-01', 350, 40, 30);
INSERT INTO 급여(사원번호, 급여일자, 기본급여, 인센티브, 세금) VALUES (49832, '2022-05-01', 510, 10, 50);
INSERT INTO 급여(사원번호, 급여일자, 기본급여, 인센티브, 세금) VALUES (53146, '2022-03-01', 440, 80, 20);
INSERT INTO 급여(사원번호, 급여일자, 기본급여, 인센티브, 세금) VALUES (42761, '2021-05-01', 410, 50, 40);
INSERT INTO 급여(사원번호, 급여일자, 기본급여, 인센티브, 세금) VALUES (21486, '2021-07-01', 300, 80, 40);
INSERT INTO 급여(사원번호, 급여일자, 기본급여, 인센티브, 세금) VALUES (39248, '2021-12-01', 320, 70, 20);
INSERT INTO 급여(사원번호, 급여일자, 기본급여, 인센티브, 세금) VALUES (52147, '2023-02-01', 490, 20, 20);
INSERT INTO 급여(사원번호, 급여일자, 기본급여, 인센티브, 세금) VALUES (41856, '2021-01-01', 520, 50, 30);
INSERT INTO 급여(사원번호, 급여일자, 기본급여, 인센티브, 세금) VALUES (53146, '2023-07-01', 290, 50, 20);
INSERT INTO 급여(사원번호, 급여일자, 기본급여, 인센티브, 세금) VALUES (52347, '2021-06-01', 440, 30, 40);
INSERT INTO 급여(사원번호, 급여일자, 기본급여, 인센티브, 세금) VALUES (39275, '2023-01-01', 490, 30, 50);
INSERT INTO 급여(사원번호, 급여일자, 기본급여, 인센티브, 세금) VALUES (52436, '2022-05-01', 440, 60, 50);
INSERT INTO 급여(사원번호, 급여일자, 기본급여, 인센티브, 세금) VALUES (56321, '2023-07-01', 500, 90, 40);
INSERT INTO 급여(사원번호, 급여일자, 기본급여, 인센티브, 세금) VALUES (37241, '2021-08-01', 300, 60, 40);
INSERT INTO 급여(사원번호, 급여일자, 기본급여, 인센티브, 세금) VALUES (50974, '2022-12-01', 330, 100, 40);
INSERT INTO 급여(사원번호, 급여일자, 기본급여, 인센티브, 세금) VALUES (53871, '2021-07-01', 330, 100, 30);
INSERT INTO 급여(사원번호, 급여일자, 기본급여, 인센티브, 세금) VALUES (46785, '2023-04-01', 420, 90, 30);
INSERT INTO 급여(사원번호, 급여일자, 기본급여, 인센티브, 세금) VALUES (42761, '2021-06-01', 490, 30, 20);
INSERT INTO 급여(사원번호, 급여일자, 기본급여, 인센티브, 세금) VALUES (52184, '2022-10-01', 410, 20, 40);
INSERT INTO 급여(사원번호, 급여일자, 기본급여, 인센티브, 세금) VALUES (35127, '2022-01-01', 430, 90, 30);
INSERT INTO 급여(사원번호, 급여일자, 기본급여, 인센티브, 세금) VALUES (49215, '2021-01-01', 370, 90, 30);
INSERT INTO 급여(사원번호, 급여일자, 기본급여, 인센티브, 세금) VALUES (49832, '2021-07-01', 520, 40, 50);
INSERT INTO 급여(사원번호, 급여일자, 기본급여, 인센티브, 세금) VALUES (41856, '2023-09-01', 490, 50, 40);
INSERT INTO 급여(사원번호, 급여일자, 기본급여, 인센티브, 세금) VALUES (37645, '2021-01-01', 370, 50, 40);
INSERT INTO 급여(사원번호, 급여일자, 기본급여, 인센티브, 세금) VALUES (17854, '2021-09-01', 290, 20, 30);
INSERT INTO 급여(사원번호, 급여일자, 기본급여, 인센티브, 세금) VALUES (50974, '2022-03-01', 330, 100, 30);
INSERT INTO 급여(사원번호, 급여일자, 기본급여, 인센티브, 세금) VALUES (42759, '2021-12-01', 410, 80, 40);
INSERT INTO 급여(사원번호, 급여일자, 기본급여, 인센티브, 세금) VALUES (52198, '2021-10-01', 440, 100, 20);
INSERT INTO 급여(사원번호, 급여일자, 기본급여, 인센티브, 세금) VALUES (51487, '2021-11-01', 320, 90, 20);
INSERT INTO 급여(사원번호, 급여일자, 기본급여, 인센티브, 세금) VALUES (36571, '2022-05-01', 530, 40, 30);
INSERT INTO 급여(사원번호, 급여일자, 기본급여, 인센티브, 세금) VALUES (51374, '2021-05-01', 400, 80, 20);
INSERT INTO 급여(사원번호, 급여일자, 기본급여, 인센티브, 세금) VALUES (46985, '2022-06-01', 540, 80, 40);
INSERT INTO 급여(사원번호, 급여일자, 기본급여, 인센티브, 세금) VALUES (36571, '2023-05-01', 330, 10, 40);
INSERT INTO 급여(사원번호, 급여일자, 기본급여, 인센티브, 세금) VALUES (24635, '2022-03-01', 460, 90, 40);
INSERT INTO 급여(사원번호, 급여일자, 기본급여, 인센티브, 세금) VALUES (17345, '2021-10-01', 530, 20, 40);
INSERT INTO 급여(사원번호, 급여일자, 기본급여, 인센티브, 세금) VALUES (34768, '2021-07-01', 400, 60, 20);
INSERT INTO 급여(사원번호, 급여일자, 기본급여, 인센티브, 세금) VALUES (53472, '2021-03-01', 470, 100, 30);
INSERT INTO 급여(사원번호, 급여일자, 기본급여, 인센티브, 세금) VALUES (23654, '2023-02-01', 360, 60, 40);
INSERT INTO 급여(사원번호, 급여일자, 기본급여, 인센티브, 세금) VALUES (52137, '2023-08-01', 410, 50, 50);
INSERT INTO 급여(사원번호, 급여일자, 기본급여, 인센티브, 세금) VALUES (52461, '2023-08-01', 300, 60, 40);
INSERT INTO 급여(사원번호, 급여일자, 기본급여, 인센티브, 세금) VALUES (28764, '2022-01-01', 370, 100, 30);
INSERT INTO 급여(사원번호, 급여일자, 기본급여, 인센티브, 세금) VALUES (25693, '2021-06-01', 440, 30, 20);
INSERT INTO 급여(사원번호, 급여일자, 기본급여, 인센티브, 세금) VALUES (15382, '2022-09-01', 310, 80, 50);
INSERT INTO 급여(사원번호, 급여일자, 기본급여, 인센티브, 세금) VALUES (42759, '2021-01-01', 350, 30, 30);
INSERT INTO 급여(사원번호, 급여일자, 기본급여, 인센티브, 세금) VALUES (46137, '2022-09-01', 370, 20, 20);
INSERT INTO 급여(사원번호, 급여일자, 기본급여, 인센티브, 세금) VALUES (15748, '2021-11-01', 460, 30, 50);
INSERT INTO 급여(사원번호, 급여일자, 기본급여, 인센티브, 세금) VALUES (47851, '2022-09-01', 540, 70, 20);
INSERT INTO 급여(사원번호, 급여일자, 기본급여, 인센티브, 세금) VALUES (42981, '2021-10-01', 510, 100, 50);
INSERT INTO 급여(사원번호, 급여일자, 기본급여, 인센티브, 세금) VALUES (56321, '2022-06-01', 510, 30, 30);
INSERT INTO 급여(사원번호, 급여일자, 기본급여, 인센티브, 세금) VALUES (42759, '2022-06-01', 480, 100, 30);
INSERT INTO 급여(사원번호, 급여일자, 기본급여, 인센티브, 세금) VALUES (34768, '2021-11-01', 510, 60, 50);
INSERT INTO 급여(사원번호, 급여일자, 기본급여, 인센티브, 세금) VALUES (39741, '2022-04-01', 400, 20, 40);
INSERT INTO 급여(사원번호, 급여일자, 기본급여, 인센티브, 세금) VALUES (51293, '2022-07-01', 420, 70, 30);
INSERT INTO 급여(사원번호, 급여일자, 기본급여, 인센티브, 세금) VALUES (17345, '2023-03-01', 440, 60, 40);
INSERT INTO 급여(사원번호, 급여일자, 기본급여, 인센티브, 세금) VALUES (52417, '2021-07-01', 320, 10, 30);
INSERT INTO 급여(사원번호, 급여일자, 기본급여, 인센티브, 세금) VALUES (52731, '2021-10-01', 380, 40, 50);
INSERT INTO 급여(사원번호, 급여일자, 기본급여, 인센티브, 세금) VALUES (27135, '2022-05-01', 350, 10, 50);
INSERT INTO 급여(사원번호, 급여일자, 기본급여, 인센티브, 세금) VALUES (50974, '2021-09-01', 340, 90, 50);
INSERT INTO 급여(사원번호, 급여일자, 기본급여, 인센티브, 세금) VALUES (52184, '2023-02-01', 430, 80, 50);
INSERT INTO 급여(사원번호, 급여일자, 기본급여, 인센티브, 세금) VALUES (48532, '2022-08-01', 380, 30, 30);
INSERT INTO 급여(사원번호, 급여일자, 기본급여, 인센티브, 세금) VALUES (53124, '2022-01-01', 290, 50, 50);
INSERT INTO 급여(사원번호, 급여일자, 기본급여, 인센티브, 세금) VALUES (34681, '2021-04-01', 350, 50, 30);
INSERT INTO 급여(사원번호, 급여일자, 기본급여, 인센티브, 세금) VALUES (53146, '2022-09-01', 520, 60, 20);
INSERT INTO 급여(사원번호, 급여일자, 기본급여, 인센티브, 세금) VALUES (23654, '2023-05-01', 540, 60, 50);
INSERT INTO 급여(사원번호, 급여일자, 기본급여, 인센티브, 세금) VALUES (49832, '2022-07-01', 310, 60, 40);
INSERT INTO 급여(사원번호, 급여일자, 기본급여, 인센티브, 세금) VALUES (27135, '2021-12-01', 310, 60, 20);
INSERT INTO 급여(사원번호, 급여일자, 기본급여, 인센티브, 세금) VALUES (34768, '2021-05-01', 420, 20, 40);
INSERT INTO 급여(사원번호, 급여일자, 기본급여, 인센티브, 세금) VALUES (42981, '2022-09-01', 490, 80, 40);
INSERT INTO 급여(사원번호, 급여일자, 기본급여, 인센티브, 세금) VALUES (37645, '2022-04-01', 530, 80, 40);
INSERT INTO 급여(사원번호, 급여일자, 기본급여, 인센티브, 세금) VALUES (41625, '2022-05-01', 500, 50, 40);
INSERT INTO 급여(사원번호, 급여일자, 기본급여, 인센티브, 세금) VALUES (39248, '2021-06-01', 540, 90, 30);
INSERT INTO 급여(사원번호, 급여일자, 기본급여, 인센티브, 세금) VALUES (51247, '2023-03-01', 350, 30, 20);
INSERT INTO 급여(사원번호, 급여일자, 기본급여, 인센티브, 세금) VALUES (46785, '2021-03-01', 430, 10, 50);
INSERT INTO 급여(사원번호, 급여일자, 기본급여, 인센티브, 세금) VALUES (54732, '2022-11-01', 550, 80, 20);
INSERT INTO 급여(사원번호, 급여일자, 기본급여, 인센티브, 세금) VALUES (35127, '2022-04-01', 350, 40, 20);
INSERT INTO 급여(사원번호, 급여일자, 기본급여, 인센티브, 세금) VALUES (17345, '2021-05-01', 540, 10, 20);
INSERT INTO 급여(사원번호, 급여일자, 기본급여, 인센티브, 세금) VALUES (53924, '2023-03-01', 330, 90, 20);
INSERT INTO 급여(사원번호, 급여일자, 기본급여, 인센티브, 세금) VALUES (35682, '2021-09-01', 410, 10, 30);
INSERT INTO 급여(사원번호, 급여일자, 기본급여, 인센티브, 세금) VALUES (51487, '2021-08-01', 340, 50, 40);
INSERT INTO 급여(사원번호, 급여일자, 기본급여, 인센티브, 세금) VALUES (42761, '2021-03-01', 530, 70, 20);
INSERT INTO 급여(사원번호, 급여일자, 기본급여, 인센티브, 세금) VALUES (43276, '2023-05-01', 500, 50, 40);
INSERT INTO 급여(사원번호, 급여일자, 기본급여, 인센티브, 세금) VALUES (51247, '2021-01-01', 530, 40, 50);
INSERT INTO 급여(사원번호, 급여일자, 기본급여, 인센티브, 세금) VALUES (46985, '2021-03-01', 460, 80, 50);
INSERT INTO 급여(사원번호, 급여일자, 기본급여, 인센티브, 세금) VALUES (39248, '2022-03-01', 380, 20, 20);
INSERT INTO 급여(사원번호, 급여일자, 기본급여, 인센티브, 세금) VALUES (46137, '2022-03-01', 420, 40, 30);
INSERT INTO 급여(사원번호, 급여일자, 기본급여, 인센티브, 세금) VALUES (48715, '2023-06-01', 360, 10, 50);
INSERT INTO 급여(사원번호, 급여일자, 기본급여, 인센티브, 세금) VALUES (53124, '2023-04-01', 330, 50, 40);
INSERT INTO 급여(사원번호, 급여일자, 기본급여, 인센티브, 세금) VALUES (15748, '2022-04-01', 300, 10, 50);
INSERT INTO 급여(사원번호, 급여일자, 기본급여, 인센티브, 세금) VALUES (39248, '2022-08-01', 450, 30, 40);
INSERT INTO 급여(사원번호, 급여일자, 기본급여, 인센티브, 세금) VALUES (46985, '2022-03-01', 310, 30, 20);
INSERT INTO 급여(사원번호, 급여일자, 기본급여, 인센티브, 세금) VALUES (54732, '2022-01-01', 520, 70, 50);
INSERT INTO 급여(사원번호, 급여일자, 기본급여, 인센티브, 세금) VALUES (37645, '2021-07-01', 330, 70, 40);
INSERT INTO 급여(사원번호, 급여일자, 기본급여, 인센티브, 세금) VALUES (39741, '2023-02-01', 290, 30, 50);
INSERT INTO 급여(사원번호, 급여일자, 기본급여, 인센티브, 세금) VALUES (23961, '2022-08-01', 430, 20, 40);
INSERT INTO 급여(사원번호, 급여일자, 기본급여, 인센티브, 세금) VALUES (15382, '2023-01-01', 300, 100, 30);
INSERT INTO 급여(사원번호, 급여일자, 기본급여, 인센티브, 세금) VALUES (49635, '2021-05-01', 520, 100, 30);
INSERT INTO 급여(사원번호, 급여일자, 기본급여, 인센티브, 세금) VALUES (42981, '2023-05-01', 300, 90, 40);
INSERT INTO 급여(사원번호, 급여일자, 기본급여, 인센티브, 세금) VALUES (51487, '2023-04-01', 370, 50, 20);
INSERT INTO 급여(사원번호, 급여일자, 기본급여, 인센티브, 세금) VALUES (47126, '2021-05-01', 460, 60, 30);
INSERT INTO 급여(사원번호, 급여일자, 기본급여, 인센티브, 세금) VALUES (53472, '2023-02-01', 460, 90, 20);
INSERT INTO 급여(사원번호, 급여일자, 기본급여, 인센티브, 세금) VALUES (39275, '2022-09-01', 390, 10, 50);
INSERT INTO 급여(사원번호, 급여일자, 기본급여, 인센티브, 세금) VALUES (46985, '2023-07-01', 500, 40, 40);
INSERT INTO 급여(사원번호, 급여일자, 기본급여, 인센티브, 세금) VALUES (41379, '2023-02-01', 450, 100, 40);
INSERT INTO 급여(사원번호, 급여일자, 기본급여, 인센티브, 세금) VALUES (15382, '2022-01-01', 400, 80, 30);
INSERT INTO 급여(사원번호, 급여일자, 기본급여, 인센티브, 세금) VALUES (34768, '2022-12-01', 400, 30, 30);
INSERT INTO 급여(사원번호, 급여일자, 기본급여, 인센티브, 세금) VALUES (53621, '2021-07-01', 310, 90, 20);
INSERT INTO 급여(사원번호, 급여일자, 기본급여, 인센티브, 세금) VALUES (23961, '2022-01-01', 430, 30, 30);
INSERT INTO 급여(사원번호, 급여일자, 기본급여, 인센티브, 세금) VALUES (47126, '2021-11-01', 440, 20, 20);
INSERT INTO 급여(사원번호, 급여일자, 기본급여, 인센티브, 세금) VALUES (37241, '2021-10-01', 330, 40, 50);
INSERT INTO 급여(사원번호, 급여일자, 기본급여, 인센티브, 세금) VALUES (39275, '2023-04-01', 530, 80, 50);
INSERT INTO 급여(사원번호, 급여일자, 기본급여, 인센티브, 세금) VALUES (39275, '2021-02-01', 380, 100, 50);
INSERT INTO 급여(사원번호, 급여일자, 기본급여, 인센티브, 세금) VALUES (53871, '2022-07-01', 440, 80, 20);
INSERT INTO 급여(사원번호, 급여일자, 기본급여, 인센티브, 세금) VALUES (50814, '2021-11-01', 480, 100, 40);
INSERT INTO 급여(사원번호, 급여일자, 기본급여, 인센티브, 세금) VALUES (36571, '2021-10-01', 510, 20, 20);
INSERT INTO 급여(사원번호, 급여일자, 기본급여, 인센티브, 세금) VALUES (42981, '2021-02-01', 300, 90, 20);
INSERT INTO 급여(사원번호, 급여일자, 기본급여, 인센티브, 세금) VALUES (51379, '2021-08-01', 550, 100, 50);
INSERT INTO 급여(사원번호, 급여일자, 기본급여, 인센티브, 세금) VALUES (39248, '2021-02-01', 370, 30, 50);
INSERT INTO 급여(사원번호, 급여일자, 기본급여, 인센티브, 세금) VALUES (36571, '2022-06-01', 430, 70, 20);

INSERT INTO 근태(날짜, 직원번호, 출근시각, 퇴근시각) VALUES ('2022-09-08', 41625, TO_DATE(('2022-09-08 18:20:50'), 'YYYY-MM-DD HH24:MI:SS'), TO_DATE(('2022-09-08 22:33:00'), 'YYYY-MM-DD HH24:MI:SS'));
INSERT INTO 근태(날짜, 직원번호, 출근시각, 퇴근시각) VALUES ('2023-05-21', 52174, TO_DATE(('2023-05-21 14:38:50'), 'YYYY-MM-DD HH24:MI:SS'), TO_DATE(('2023-05-21 16:00:31'), 'YYYY-MM-DD HH24:MI:SS'));
INSERT INTO 근태(날짜, 직원번호, 출근시각, 퇴근시각) VALUES ('2022-12-01', 52137, TO_DATE(('2022-12-01 11:22:51'), 'YYYY-MM-DD HH24:MI:SS'), TO_DATE(('2022-12-01 12:08:47'), 'YYYY-MM-DD HH24:MI:SS'));
INSERT INTO 근태(날짜, 직원번호, 출근시각, 퇴근시각) VALUES ('2023-05-23', 46137, TO_DATE(('2023-05-23 05:31:04'), 'YYYY-MM-DD HH24:MI:SS'), TO_DATE(('2023-05-23 22:55:30'), 'YYYY-MM-DD HH24:MI:SS'));
INSERT INTO 근태(날짜, 직원번호, 출근시각, 퇴근시각) VALUES ('2022-09-12', 41856, TO_DATE(('2022-09-12 10:18:34'), 'YYYY-MM-DD HH24:MI:SS'), TO_DATE(('2022-09-12 17:02:52'), 'YYYY-MM-DD HH24:MI:SS'));
INSERT INTO 근태(날짜, 직원번호, 출근시각, 퇴근시각) VALUES ('2023-09-01', 48972, TO_DATE(('2023-09-01 16:00:31'), 'YYYY-MM-DD HH24:MI:SS'), TO_DATE(('2023-09-01 20:15:05'), 'YYYY-MM-DD HH24:MI:SS'));
INSERT INTO 근태(날짜, 직원번호, 출근시각, 퇴근시각) VALUES ('2023-01-26', 47126, TO_DATE(('2023-01-26 04:28:58'), 'YYYY-MM-DD HH24:MI:SS'), TO_DATE(('2023-01-26 13:21:58'), 'YYYY-MM-DD HH24:MI:SS'));
INSERT INTO 근태(날짜, 직원번호, 출근시각, 퇴근시각) VALUES ('2022-07-05', 23517, TO_DATE(('2022-07-05 01:27:41'), 'YYYY-MM-DD HH24:MI:SS'), TO_DATE(('2022-07-05 13:29:25'), 'YYYY-MM-DD HH24:MI:SS'));
INSERT INTO 근태(날짜, 직원번호, 출근시각, 퇴근시각) VALUES ('2023-02-21', 53421, TO_DATE(('2023-02-21 08:25:51'), 'YYYY-MM-DD HH24:MI:SS'), TO_DATE(('2023-02-21 12:11:28'), 'YYYY-MM-DD HH24:MI:SS'));
INSERT INTO 근태(날짜, 직원번호, 출근시각, 퇴근시각) VALUES ('2023-01-03', 14657, TO_DATE(('2023-01-03 10:58:14'), 'YYYY-MM-DD HH24:MI:SS'), TO_DATE(('2023-01-03 22:38:51'), 'YYYY-MM-DD HH24:MI:SS'));
INSERT INTO 근태(날짜, 직원번호, 출근시각, 퇴근시각) VALUES ('2022-02-10', 23517, TO_DATE(('2022-02-10 09:06:14'), 'YYYY-MM-DD HH24:MI:SS'), TO_DATE(('2022-02-10 10:58:14'), 'YYYY-MM-DD HH24:MI:SS'));
INSERT INTO 근태(날짜, 직원번호, 출근시각, 퇴근시각) VALUES ('2024-01-06', 48715, TO_DATE(('2024-01-06 01:07:39'), 'YYYY-MM-DD HH24:MI:SS'), TO_DATE(('2024-01-06 16:12:29'), 'YYYY-MM-DD HH24:MI:SS'));
INSERT INTO 근태(날짜, 직원번호, 출근시각, 퇴근시각) VALUES ('2022-11-14', 46137, TO_DATE(('2022-11-14 01:27:43'), 'YYYY-MM-DD HH24:MI:SS'), TO_DATE(('2022-11-14 13:44:21'), 'YYYY-MM-DD HH24:MI:SS'));
INSERT INTO 근태(날짜, 직원번호, 출근시각, 퇴근시각) VALUES ('2022-05-16', 15748, TO_DATE(('2022-05-16 06:32:01'), 'YYYY-MM-DD HH24:MI:SS'), TO_DATE(('2022-05-16 13:28:56'), 'YYYY-MM-DD HH24:MI:SS'));
INSERT INTO 근태(날짜, 직원번호, 출근시각, 퇴근시각) VALUES ('2023-04-22', 43276, TO_DATE(('2023-04-22 05:20:47'), 'YYYY-MM-DD HH24:MI:SS'), TO_DATE(('2023-04-22 10:58:14'), 'YYYY-MM-DD HH24:MI:SS'));
INSERT INTO 근태(날짜, 직원번호, 출근시각, 퇴근시각) VALUES ('2022-08-05', 36571, TO_DATE(('2022-08-05 11:17:54'), 'YYYY-MM-DD HH24:MI:SS'), TO_DATE(('2022-08-05 21:07:37'), 'YYYY-MM-DD HH24:MI:SS'));
INSERT INTO 근태(날짜, 직원번호, 출근시각, 퇴근시각) VALUES ('2023-11-27', 46128, TO_DATE(('2023-11-27 00:58:36'), 'YYYY-MM-DD HH24:MI:SS'), TO_DATE(('2023-11-27 23:10:27'), 'YYYY-MM-DD HH24:MI:SS'));
INSERT INTO 근태(날짜, 직원번호, 출근시각, 퇴근시각) VALUES ('2022-05-29', 41856, TO_DATE(('2022-05-29 16:02:33'), 'YYYY-MM-DD HH24:MI:SS'), TO_DATE(('2022-05-29 21:25:32'), 'YYYY-MM-DD HH24:MI:SS'));
INSERT INTO 근태(날짜, 직원번호, 출근시각, 퇴근시각) VALUES ('2022-12-26', 34127, TO_DATE(('2022-12-26 00:26:43'), 'YYYY-MM-DD HH24:MI:SS'), TO_DATE(('2022-12-26 01:34:54'), 'YYYY-MM-DD HH24:MI:SS'));
INSERT INTO 근태(날짜, 직원번호, 출근시각, 퇴근시각) VALUES ('2023-09-12', 35127, TO_DATE(('2023-09-12 17:20:52'), 'YYYY-MM-DD HH24:MI:SS'), TO_DATE(('2023-09-12 23:22:58'), 'YYYY-MM-DD HH24:MI:SS'));
INSERT INTO 근태(날짜, 직원번호, 출근시각, 퇴근시각) VALUES ('2024-01-16', 37241, TO_DATE(('2024-01-16 00:51:32'), 'YYYY-MM-DD HH24:MI:SS'), TO_DATE(('2024-01-16 23:42:31'), 'YYYY-MM-DD HH24:MI:SS'));
INSERT INTO 근태(날짜, 직원번호, 출근시각, 퇴근시각) VALUES ('2022-01-15', 28764, TO_DATE(('2022-01-15 20:15:05'), 'YYYY-MM-DD HH24:MI:SS'), TO_DATE(('2022-01-15 23:03:39'), 'YYYY-MM-DD HH24:MI:SS'));
INSERT INTO 근태(날짜, 직원번호, 출근시각, 퇴근시각) VALUES ('2024-01-01', 49635, TO_DATE(('2024-01-01 13:36:51'), 'YYYY-MM-DD HH24:MI:SS'), TO_DATE(('2024-01-01 23:58:57'), 'YYYY-MM-DD HH24:MI:SS'));
INSERT INTO 근태(날짜, 직원번호, 출근시각, 퇴근시각) VALUES ('2024-02-22', 47126, TO_DATE(('2024-02-22 07:12:53'), 'YYYY-MM-DD HH24:MI:SS'), TO_DATE(('2024-02-22 14:46:30'), 'YYYY-MM-DD HH24:MI:SS'));
INSERT INTO 근태(날짜, 직원번호, 출근시각, 퇴근시각) VALUES ('2022-01-18', 25684, TO_DATE(('2022-01-18 02:58:42'), 'YYYY-MM-DD HH24:MI:SS'), TO_DATE(('2022-01-18 09:29:43'), 'YYYY-MM-DD HH24:MI:SS'));
INSERT INTO 근태(날짜, 직원번호, 출근시각, 퇴근시각) VALUES ('2023-12-04', 51379, TO_DATE(('2023-12-04 15:53:35'), 'YYYY-MM-DD HH24:MI:SS'), TO_DATE(('2023-12-04 19:44:59'), 'YYYY-MM-DD HH24:MI:SS'));
INSERT INTO 근태(날짜, 직원번호, 출근시각, 퇴근시각) VALUES ('2023-11-23', 46985, TO_DATE(('2023-11-23 02:11:51'), 'YYYY-MM-DD HH24:MI:SS'), TO_DATE(('2023-11-23 11:04:19'), 'YYYY-MM-DD HH24:MI:SS'));
INSERT INTO 근태(날짜, 직원번호, 출근시각, 퇴근시각) VALUES ('2024-02-10', 46587, TO_DATE(('2024-02-10 17:19:51'), 'YYYY-MM-DD HH24:MI:SS'), TO_DATE(('2024-02-10 21:25:32'), 'YYYY-MM-DD HH24:MI:SS'));
INSERT INTO 근태(날짜, 직원번호, 출근시각, 퇴근시각) VALUES ('2022-03-12', 49827, TO_DATE(('2022-03-12 04:00:28'), 'YYYY-MM-DD HH24:MI:SS'), TO_DATE(('2022-03-12 05:31:04'), 'YYYY-MM-DD HH24:MI:SS'));
INSERT INTO 근태(날짜, 직원번호, 출근시각, 퇴근시각) VALUES ('2023-01-15', 21486, TO_DATE(('2023-01-15 00:10:59'), 'YYYY-MM-DD HH24:MI:SS'), TO_DATE(('2023-01-15 16:00:31'), 'YYYY-MM-DD HH24:MI:SS'));
INSERT INTO 근태(날짜, 직원번호, 출근시각, 퇴근시각) VALUES ('2023-07-18', 51487, TO_DATE(('2023-07-18 05:12:19'), 'YYYY-MM-DD HH24:MI:SS'), TO_DATE(('2023-07-18 05:20:47'), 'YYYY-MM-DD HH24:MI:SS'));
INSERT INTO 근태(날짜, 직원번호, 출근시각, 퇴근시각) VALUES ('2022-05-05', 53472, TO_DATE(('2022-05-05 08:25:51'), 'YYYY-MM-DD HH24:MI:SS'), TO_DATE(('2022-05-05 23:54:03'), 'YYYY-MM-DD HH24:MI:SS'));
INSERT INTO 근태(날짜, 직원번호, 출근시각, 퇴근시각) VALUES ('2024-02-29', 46587, TO_DATE(('2024-02-29 09:42:19'), 'YYYY-MM-DD HH24:MI:SS'), TO_DATE(('2024-02-29 11:17:54'), 'YYYY-MM-DD HH24:MI:SS'));
INSERT INTO 근태(날짜, 직원번호, 출근시각, 퇴근시각) VALUES ('2023-08-24', 23654, TO_DATE(('2023-08-24 00:58:36'), 'YYYY-MM-DD HH24:MI:SS'), TO_DATE(('2023-08-24 23:17:43'), 'YYYY-MM-DD HH24:MI:SS'));
INSERT INTO 근태(날짜, 직원번호, 출근시각, 퇴근시각) VALUES ('2023-11-13', 46785, TO_DATE(('2023-11-13 16:02:33'), 'YYYY-MM-DD HH24:MI:SS'), TO_DATE(('2023-11-13 22:36:16'), 'YYYY-MM-DD HH24:MI:SS'));
INSERT INTO 근태(날짜, 직원번호, 출근시각, 퇴근시각) VALUES ('2022-01-19', 46785, TO_DATE(('2022-01-19 01:13:14'), 'YYYY-MM-DD HH24:MI:SS'), TO_DATE(('2022-01-19 21:44:16'), 'YYYY-MM-DD HH24:MI:SS'));
INSERT INTO 근태(날짜, 직원번호, 출근시각, 퇴근시각) VALUES ('2022-01-08', 51374, TO_DATE(('2022-01-08 01:07:39'), 'YYYY-MM-DD HH24:MI:SS'), TO_DATE(('2022-01-08 14:53:42'), 'YYYY-MM-DD HH24:MI:SS'));
INSERT INTO 근태(날짜, 직원번호, 출근시각, 퇴근시각) VALUES ('2023-06-14', 39741, TO_DATE(('2023-06-14 04:21:46'), 'YYYY-MM-DD HH24:MI:SS'), TO_DATE(('2023-06-14 12:50:23'), 'YYYY-MM-DD HH24:MI:SS'));
INSERT INTO 근태(날짜, 직원번호, 출근시각, 퇴근시각) VALUES ('2023-08-24', 54732, TO_DATE(('2023-08-24 01:20:07'), 'YYYY-MM-DD HH24:MI:SS'), TO_DATE(('2023-08-24 13:04:15'), 'YYYY-MM-DD HH24:MI:SS'));
INSERT INTO 근태(날짜, 직원번호, 출근시각, 퇴근시각) VALUES ('2023-06-14', 34681, TO_DATE(('2023-06-14 05:20:47'), 'YYYY-MM-DD HH24:MI:SS'), TO_DATE(('2023-06-14 14:53:42'), 'YYYY-MM-DD HH24:MI:SS'));
INSERT INTO 근태(날짜, 직원번호, 출근시각, 퇴근시각) VALUES ('2023-09-28', 21573, TO_DATE(('2023-09-28 00:27:44'), 'YYYY-MM-DD HH24:MI:SS'), TO_DATE(('2023-09-28 12:08:47'), 'YYYY-MM-DD HH24:MI:SS'));
INSERT INTO 근태(날짜, 직원번호, 출근시각, 퇴근시각) VALUES ('2023-04-05', 48256, TO_DATE(('2023-04-05 02:20:36'), 'YYYY-MM-DD HH24:MI:SS'), TO_DATE(('2023-04-05 10:12:47'), 'YYYY-MM-DD HH24:MI:SS'));
INSERT INTO 근태(날짜, 직원번호, 출근시각, 퇴근시각) VALUES ('2023-11-01', 38754, TO_DATE(('2023-11-01 15:53:35'), 'YYYY-MM-DD HH24:MI:SS'), TO_DATE(('2023-11-01 19:01:07'), 'YYYY-MM-DD HH24:MI:SS'));
INSERT INTO 근태(날짜, 직원번호, 출근시각, 퇴근시각) VALUES ('2022-04-21', 41625, TO_DATE(('2022-04-21 09:55:12'), 'YYYY-MM-DD HH24:MI:SS'), TO_DATE(('2022-04-21 14:08:50'), 'YYYY-MM-DD HH24:MI:SS'));
INSERT INTO 근태(날짜, 직원번호, 출근시각, 퇴근시각) VALUES ('2023-08-21', 38516, TO_DATE(('2023-08-21 00:51:32'), 'YYYY-MM-DD HH24:MI:SS'), TO_DATE(('2023-08-21 15:42:53'), 'YYYY-MM-DD HH24:MI:SS'));
INSERT INTO 근태(날짜, 직원번호, 출근시각, 퇴근시각) VALUES ('2022-08-05', 52174, TO_DATE(('2022-08-05 14:08:50'), 'YYYY-MM-DD HH24:MI:SS'), TO_DATE(('2022-08-05 17:33:53'), 'YYYY-MM-DD HH24:MI:SS'));
INSERT INTO 근태(날짜, 직원번호, 출근시각, 퇴근시각) VALUES ('2022-02-02', 52184, TO_DATE(('2022-02-02 05:31:04'), 'YYYY-MM-DD HH24:MI:SS'), TO_DATE(('2022-02-02 13:36:51'), 'YYYY-MM-DD HH24:MI:SS'));
INSERT INTO 근태(날짜, 직원번호, 출근시각, 퇴근시각) VALUES ('2023-08-05', 49215, TO_DATE(('2023-08-05 13:23:50'), 'YYYY-MM-DD HH24:MI:SS'), TO_DATE(('2023-08-05 15:05:39'), 'YYYY-MM-DD HH24:MI:SS'));
INSERT INTO 근태(날짜, 직원번호, 출근시각, 퇴근시각) VALUES ('2023-06-14', 42981, TO_DATE(('2023-06-14 17:19:51'), 'YYYY-MM-DD HH24:MI:SS'), TO_DATE(('2023-06-14 17:19:51'), 'YYYY-MM-DD HH24:MI:SS'));
INSERT INTO 근태(날짜, 직원번호, 출근시각, 퇴근시각) VALUES ('2022-04-14', 34127, TO_DATE(('2022-04-14 00:27:44'), 'YYYY-MM-DD HH24:MI:SS'), TO_DATE(('2022-04-14 01:20:07'), 'YYYY-MM-DD HH24:MI:SS'));
INSERT INTO 근태(날짜, 직원번호, 출근시각, 퇴근시각) VALUES ('2023-02-14', 49215, TO_DATE(('2023-02-14 04:18:13'), 'YYYY-MM-DD HH24:MI:SS'), TO_DATE(('2023-02-14 13:29:25'), 'YYYY-MM-DD HH24:MI:SS'));
INSERT INTO 근태(날짜, 직원번호, 출근시각, 퇴근시각) VALUES ('2023-09-23', 25684, TO_DATE(('2023-09-23 10:08:18'), 'YYYY-MM-DD HH24:MI:SS'), TO_DATE(('2023-09-23 21:11:13'), 'YYYY-MM-DD HH24:MI:SS'));
INSERT INTO 근태(날짜, 직원번호, 출근시각, 퇴근시각) VALUES ('2022-03-12', 48136, TO_DATE(('2022-03-12 13:01:35'), 'YYYY-MM-DD HH24:MI:SS'), TO_DATE(('2022-03-12 18:25:42'), 'YYYY-MM-DD HH24:MI:SS'));
INSERT INTO 근태(날짜, 직원번호, 출근시각, 퇴근시각) VALUES ('2023-08-23', 51374, TO_DATE(('2023-08-23 14:46:20'), 'YYYY-MM-DD HH24:MI:SS'), TO_DATE(('2023-08-23 23:40:09'), 'YYYY-MM-DD HH24:MI:SS'));
INSERT INTO 근태(날짜, 직원번호, 출근시각, 퇴근시각) VALUES ('2023-05-04', 23961, TO_DATE(('2023-05-04 10:46:22'), 'YYYY-MM-DD HH24:MI:SS'), TO_DATE(('2023-05-04 21:27:13'), 'YYYY-MM-DD HH24:MI:SS'));
INSERT INTO 근태(날짜, 직원번호, 출근시각, 퇴근시각) VALUES ('2022-01-19', 17854, TO_DATE(('2022-01-19 07:18:23'), 'YYYY-MM-DD HH24:MI:SS'), TO_DATE(('2022-01-19 09:58:17'), 'YYYY-MM-DD HH24:MI:SS'));
INSERT INTO 근태(날짜, 직원번호, 출근시각, 퇴근시각) VALUES ('2022-08-08', 23517, TO_DATE(('2022-08-08 00:44:37'), 'YYYY-MM-DD HH24:MI:SS'), TO_DATE(('2022-08-08 11:17:54'), 'YYYY-MM-DD HH24:MI:SS'));
INSERT INTO 근태(날짜, 직원번호, 출근시각, 퇴근시각) VALUES ('2023-12-04', 46587, TO_DATE(('2023-12-04 08:55:44'), 'YYYY-MM-DD HH24:MI:SS'), TO_DATE(('2023-12-04 13:36:51'), 'YYYY-MM-DD HH24:MI:SS'));
INSERT INTO 근태(날짜, 직원번호, 출근시각, 퇴근시각) VALUES ('2023-01-15', 51432, TO_DATE(('2023-01-15 11:08:16'), 'YYYY-MM-DD HH24:MI:SS'), TO_DATE(('2023-01-15 22:33:00'), 'YYYY-MM-DD HH24:MI:SS'));
INSERT INTO 근태(날짜, 직원번호, 출근시각, 퇴근시각) VALUES ('2024-02-14', 51247, TO_DATE(('2024-02-14 03:13:13'), 'YYYY-MM-DD HH24:MI:SS'), TO_DATE(('2024-02-14 11:04:19'), 'YYYY-MM-DD HH24:MI:SS'));
INSERT INTO 근태(날짜, 직원번호, 출근시각, 퇴근시각) VALUES ('2023-08-05', 34127, TO_DATE(('2023-08-05 09:42:19'), 'YYYY-MM-DD HH24:MI:SS'), TO_DATE(('2023-08-05 21:44:16'), 'YYYY-MM-DD HH24:MI:SS'));
INSERT INTO 근태(날짜, 직원번호, 출근시각, 퇴근시각) VALUES ('2023-03-22', 23654, TO_DATE(('2023-03-22 01:07:39'), 'YYYY-MM-DD HH24:MI:SS'), TO_DATE(('2023-03-22 13:28:56'), 'YYYY-MM-DD HH24:MI:SS'));
INSERT INTO 근태(날짜, 직원번호, 출근시각, 퇴근시각) VALUES ('2023-02-11', 51689, TO_DATE(('2023-02-11 02:40:06'), 'YYYY-MM-DD HH24:MI:SS'), TO_DATE(('2023-02-11 10:58:14'), 'YYYY-MM-DD HH24:MI:SS'));
INSERT INTO 근태(날짜, 직원번호, 출근시각, 퇴근시각) VALUES ('2024-01-27', 50814, TO_DATE(('2024-01-27 03:30:14'), 'YYYY-MM-DD HH24:MI:SS'), TO_DATE(('2024-01-27 05:12:19'), 'YYYY-MM-DD HH24:MI:SS'));
INSERT INTO 근태(날짜, 직원번호, 출근시각, 퇴근시각) VALUES ('2023-11-01', 25684, TO_DATE(('2023-11-01 10:08:18'), 'YYYY-MM-DD HH24:MI:SS'), TO_DATE(('2023-11-01 22:22:56'), 'YYYY-MM-DD HH24:MI:SS'));
INSERT INTO 근태(날짜, 직원번호, 출근시각, 퇴근시각) VALUES ('2024-02-11', 25693, TO_DATE(('2024-02-11 10:45:23'), 'YYYY-MM-DD HH24:MI:SS'), TO_DATE(('2024-02-11 17:19:51'), 'YYYY-MM-DD HH24:MI:SS'));
INSERT INTO 근태(날짜, 직원번호, 출근시각, 퇴근시각) VALUES ('2023-03-13', 54732, TO_DATE(('2023-03-13 02:43:13'), 'YYYY-MM-DD HH24:MI:SS'), TO_DATE(('2023-03-13 19:04:51'), 'YYYY-MM-DD HH24:MI:SS'));
INSERT INTO 근태(날짜, 직원번호, 출근시각, 퇴근시각) VALUES ('2023-11-04', 52947, TO_DATE(('2023-11-04 08:17:14'), 'YYYY-MM-DD HH24:MI:SS'), TO_DATE(('2023-11-04 18:20:50'), 'YYYY-MM-DD HH24:MI:SS'));
INSERT INTO 근태(날짜, 직원번호, 출근시각, 퇴근시각) VALUES ('2022-06-22', 52147, TO_DATE(('2022-06-22 08:25:51'), 'YYYY-MM-DD HH24:MI:SS'), TO_DATE(('2022-06-22 23:01:42'), 'YYYY-MM-DD HH24:MI:SS'));
INSERT INTO 근태(날짜, 직원번호, 출근시각, 퇴근시각) VALUES ('2023-03-07', 56921, TO_DATE(('2023-03-07 06:48:33'), 'YYYY-MM-DD HH24:MI:SS'), TO_DATE(('2023-03-07 21:27:13'), 'YYYY-MM-DD HH24:MI:SS'));
INSERT INTO 근태(날짜, 직원번호, 출근시각, 퇴근시각) VALUES ('2022-11-15', 42759, TO_DATE(('2022-11-15 11:22:51'), 'YYYY-MM-DD HH24:MI:SS'), TO_DATE(('2022-11-15 17:03:15'), 'YYYY-MM-DD HH24:MI:SS'));
INSERT INTO 근태(날짜, 직원번호, 출근시각, 퇴근시각) VALUES ('2022-12-07', 52147, TO_DATE(('2022-12-07 09:58:17'), 'YYYY-MM-DD HH24:MI:SS'), TO_DATE(('2022-12-07 21:44:16'), 'YYYY-MM-DD HH24:MI:SS'));
INSERT INTO 근태(날짜, 직원번호, 출근시각, 퇴근시각) VALUES ('2023-08-08', 56321, TO_DATE(('2023-08-08 01:54:00'), 'YYYY-MM-DD HH24:MI:SS'), TO_DATE(('2023-08-08 16:12:29'), 'YYYY-MM-DD HH24:MI:SS'));
INSERT INTO 근태(날짜, 직원번호, 출근시각, 퇴근시각) VALUES ('2024-02-22', 52436, TO_DATE(('2024-02-22 05:53:44'), 'YYYY-MM-DD HH24:MI:SS'), TO_DATE(('2024-02-22 10:12:47'), 'YYYY-MM-DD HH24:MI:SS'));
INSERT INTO 근태(날짜, 직원번호, 출근시각, 퇴근시각) VALUES ('2024-01-02', 53621, TO_DATE(('2024-01-02 18:55:49'), 'YYYY-MM-DD HH24:MI:SS'), TO_DATE(('2024-01-02 22:51:35'), 'YYYY-MM-DD HH24:MI:SS'));
INSERT INTO 근태(날짜, 직원번호, 출근시각, 퇴근시각) VALUES ('2022-04-19', 42761, TO_DATE(('2022-04-19 09:47:17'), 'YYYY-MM-DD HH24:MI:SS'), TO_DATE(('2022-04-19 17:06:41'), 'YYYY-MM-DD HH24:MI:SS'));
INSERT INTO 근태(날짜, 직원번호, 출근시각, 퇴근시각) VALUES ('2022-06-26', 49215, TO_DATE(('2022-06-26 12:42:25'), 'YYYY-MM-DD HH24:MI:SS'), TO_DATE(('2022-06-26 23:42:31'), 'YYYY-MM-DD HH24:MI:SS'));
INSERT INTO 근태(날짜, 직원번호, 출근시각, 퇴근시각) VALUES ('2022-06-01', 34768, TO_DATE(('2022-06-01 02:25:36'), 'YYYY-MM-DD HH24:MI:SS'), TO_DATE(('2022-06-01 13:06:40'), 'YYYY-MM-DD HH24:MI:SS'));
INSERT INTO 근태(날짜, 직원번호, 출근시각, 퇴근시각) VALUES ('2023-09-28', 28764, TO_DATE(('2023-09-28 14:53:42'), 'YYYY-MM-DD HH24:MI:SS'), TO_DATE(('2023-09-28 21:14:12'), 'YYYY-MM-DD HH24:MI:SS'));
INSERT INTO 근태(날짜, 직원번호, 출근시각, 퇴근시각) VALUES ('2022-09-09', 52417, TO_DATE(('2022-09-09 05:09:04'), 'YYYY-MM-DD HH24:MI:SS'), TO_DATE(('2022-09-09 11:22:51'), 'YYYY-MM-DD HH24:MI:SS'));
INSERT INTO 근태(날짜, 직원번호, 출근시각, 퇴근시각) VALUES ('2022-07-31', 53642, TO_DATE(('2022-07-31 14:43:46'), 'YYYY-MM-DD HH24:MI:SS'), TO_DATE(('2022-07-31 21:11:13'), 'YYYY-MM-DD HH24:MI:SS'));
INSERT INTO 근태(날짜, 직원번호, 출근시각, 퇴근시각) VALUES ('2022-11-30', 51247, TO_DATE(('2022-11-30 04:00:28'), 'YYYY-MM-DD HH24:MI:SS'), TO_DATE(('2022-11-30 10:19:17'), 'YYYY-MM-DD HH24:MI:SS'));
INSERT INTO 근태(날짜, 직원번호, 출근시각, 퇴근시각) VALUES ('2022-02-05', 52184, TO_DATE(('2022-02-05 15:53:35'), 'YYYY-MM-DD HH24:MI:SS'), TO_DATE(('2022-02-05 21:42:55'), 'YYYY-MM-DD HH24:MI:SS'));
INSERT INTO 근태(날짜, 직원번호, 출근시각, 퇴근시각) VALUES ('2023-04-08', 49378, TO_DATE(('2023-04-08 15:53:48'), 'YYYY-MM-DD HH24:MI:SS'), TO_DATE(('2023-04-08 21:42:55'), 'YYYY-MM-DD HH24:MI:SS'));
INSERT INTO 근태(날짜, 직원번호, 출근시각, 퇴근시각) VALUES ('2023-05-31', 48972, TO_DATE(('2023-05-31 09:53:29'), 'YYYY-MM-DD HH24:MI:SS'), TO_DATE(('2023-05-31 13:28:56'), 'YYYY-MM-DD HH24:MI:SS'));
INSERT INTO 근태(날짜, 직원번호, 출근시각, 퇴근시각) VALUES ('2023-11-05', 46587, TO_DATE(('2023-11-05 10:07:38'), 'YYYY-MM-DD HH24:MI:SS'), TO_DATE(('2023-11-05 10:09:13'), 'YYYY-MM-DD HH24:MI:SS'));
INSERT INTO 근태(날짜, 직원번호, 출근시각, 퇴근시각) VALUES ('2022-08-05', 53421, TO_DATE(('2022-08-05 13:28:56'), 'YYYY-MM-DD HH24:MI:SS'), TO_DATE(('2022-08-05 21:11:47'), 'YYYY-MM-DD HH24:MI:SS'));
INSERT INTO 근태(날짜, 직원번호, 출근시각, 퇴근시각) VALUES ('2022-02-22', 51247, TO_DATE(('2022-02-22 05:39:53'), 'YYYY-MM-DD HH24:MI:SS'), TO_DATE(('2022-02-22 18:59:18'), 'YYYY-MM-DD HH24:MI:SS'));
INSERT INTO 근태(날짜, 직원번호, 출근시각, 퇴근시각) VALUES ('2024-02-05', 42761, TO_DATE(('2024-02-05 09:42:19'), 'YYYY-MM-DD HH24:MI:SS'), TO_DATE(('2024-02-05 22:33:00'), 'YYYY-MM-DD HH24:MI:SS'));
INSERT INTO 근태(날짜, 직원번호, 출근시각, 퇴근시각) VALUES ('2023-11-13', 52198, TO_DATE(('2023-11-13 01:54:00'), 'YYYY-MM-DD HH24:MI:SS'), TO_DATE(('2023-11-13 08:17:14'), 'YYYY-MM-DD HH24:MI:SS'));
INSERT INTO 근태(날짜, 직원번호, 출근시각, 퇴근시각) VALUES ('2022-11-24', 36571, TO_DATE(('2022-11-24 09:49:00'), 'YYYY-MM-DD HH24:MI:SS'), TO_DATE(('2022-11-24 22:33:00'), 'YYYY-MM-DD HH24:MI:SS'));
INSERT INTO 근태(날짜, 직원번호, 출근시각, 퇴근시각) VALUES ('2023-01-15', 46785, TO_DATE(('2023-01-15 06:24:13'), 'YYYY-MM-DD HH24:MI:SS'), TO_DATE(('2023-01-15 11:00:13'), 'YYYY-MM-DD HH24:MI:SS'));
INSERT INTO 근태(날짜, 직원번호, 출근시각, 퇴근시각) VALUES ('2024-01-29', 46785, TO_DATE(('2024-01-29 08:17:14'), 'YYYY-MM-DD HH24:MI:SS'), TO_DATE(('2024-01-29 18:55:49'), 'YYYY-MM-DD HH24:MI:SS'));
INSERT INTO 근태(날짜, 직원번호, 출근시각, 퇴근시각) VALUES ('2023-12-18', 49635, TO_DATE(('2023-12-18 00:10:59'), 'YYYY-MM-DD HH24:MI:SS'), TO_DATE(('2023-12-18 05:53:44'), 'YYYY-MM-DD HH24:MI:SS'));
INSERT INTO 근태(날짜, 직원번호, 출근시각, 퇴근시각) VALUES ('2022-11-15', 48256, TO_DATE(('2022-11-15 14:08:50'), 'YYYY-MM-DD HH24:MI:SS'), TO_DATE(('2022-11-15 23:01:42'), 'YYYY-MM-DD HH24:MI:SS'));
INSERT INTO 근태(날짜, 직원번호, 출근시각, 퇴근시각) VALUES ('2023-08-24', 38516, TO_DATE(('2023-08-24 10:58:14'), 'YYYY-MM-DD HH24:MI:SS'), TO_DATE(('2023-08-24 12:42:25'), 'YYYY-MM-DD HH24:MI:SS'));
INSERT INTO 근태(날짜, 직원번호, 출근시각, 퇴근시각) VALUES ('2022-05-08', 54732, TO_DATE(('2022-05-08 08:25:51'), 'YYYY-MM-DD HH24:MI:SS'), TO_DATE(('2022-05-08 10:12:47'), 'YYYY-MM-DD HH24:MI:SS'));
INSERT INTO 근태(날짜, 직원번호, 출근시각, 퇴근시각) VALUES ('2023-11-13', 52347, TO_DATE(('2023-11-13 10:12:47'), 'YYYY-MM-DD HH24:MI:SS'), TO_DATE(('2023-11-13 13:06:40'), 'YYYY-MM-DD HH24:MI:SS'));
INSERT INTO 근태(날짜, 직원번호, 출근시각, 퇴근시각) VALUES ('2023-03-13', 38516, TO_DATE(('2023-03-13 02:53:24'), 'YYYY-MM-DD HH24:MI:SS'), TO_DATE(('2023-03-13 05:53:44'), 'YYYY-MM-DD HH24:MI:SS'));
INSERT INTO 근태(날짜, 직원번호, 출근시각, 퇴근시각) VALUES ('2022-06-13', 51247, TO_DATE(('2022-06-13 01:27:43'), 'YYYY-MM-DD HH24:MI:SS'), TO_DATE(('2022-06-13 21:04:13'), 'YYYY-MM-DD HH24:MI:SS'));
INSERT INTO 근태(날짜, 직원번호, 출근시각, 퇴근시각) VALUES ('2023-05-04', 23654, TO_DATE(('2023-05-04 12:56:44'), 'YYYY-MM-DD HH24:MI:SS'), TO_DATE(('2023-05-04 21:44:16'), 'YYYY-MM-DD HH24:MI:SS'));
INSERT INTO 근태(날짜, 직원번호, 출근시각, 퇴근시각) VALUES ('2023-05-31', 41856, TO_DATE(('2023-05-31 07:18:23'), 'YYYY-MM-DD HH24:MI:SS'), TO_DATE(('2023-05-31 14:38:50'), 'YYYY-MM-DD HH24:MI:SS'));
INSERT INTO 근태(날짜, 직원번호, 출근시각, 퇴근시각) VALUES ('2022-06-08', 25693, TO_DATE(('2022-06-08 20:15:05'), 'YYYY-MM-DD HH24:MI:SS'), TO_DATE(('2022-06-08 21:44:16'), 'YYYY-MM-DD HH24:MI:SS'));
INSERT INTO 근태(날짜, 직원번호, 출근시각, 퇴근시각) VALUES ('2022-05-29', 53642, TO_DATE(('2022-05-29 01:27:43'), 'YYYY-MM-DD HH24:MI:SS'), TO_DATE(('2022-05-29 15:05:39'), 'YYYY-MM-DD HH24:MI:SS'));
INSERT INTO 근태(날짜, 직원번호, 출근시각, 퇴근시각) VALUES ('2022-02-02', 43276, TO_DATE(('2022-02-02 07:12:53'), 'YYYY-MM-DD HH24:MI:SS'), TO_DATE(('2022-02-02 17:59:18'), 'YYYY-MM-DD HH24:MI:SS'));
INSERT INTO 근태(날짜, 직원번호, 출근시각, 퇴근시각) VALUES ('2022-11-30', 53472, TO_DATE(('2022-11-30 00:58:36'), 'YYYY-MM-DD HH24:MI:SS'), TO_DATE(('2022-11-30 17:23:50'), 'YYYY-MM-DD HH24:MI:SS'));
INSERT INTO 근태(날짜, 직원번호, 출근시각, 퇴근시각) VALUES ('2023-02-13', 34681, TO_DATE(('2023-02-13 01:34:54'), 'YYYY-MM-DD HH24:MI:SS'), TO_DATE(('2023-02-13 09:29:43'), 'YYYY-MM-DD HH24:MI:SS'));
INSERT INTO 근태(날짜, 직원번호, 출근시각, 퇴근시각) VALUES ('2022-09-08', 46137, TO_DATE(('2022-09-08 13:36:51'), 'YYYY-MM-DD HH24:MI:SS'), TO_DATE(('2022-09-08 17:23:50'), 'YYYY-MM-DD HH24:MI:SS'));
INSERT INTO 근태(날짜, 직원번호, 출근시각, 퇴근시각) VALUES ('2022-07-05', 53871, TO_DATE(('2022-07-05 00:10:59'), 'YYYY-MM-DD HH24:MI:SS'), TO_DATE(('2022-07-05 05:39:53'), 'YYYY-MM-DD HH24:MI:SS'));
INSERT INTO 근태(날짜, 직원번호, 출근시각, 퇴근시각) VALUES ('2022-04-19', 35127, TO_DATE(('2022-04-19 01:27:43'), 'YYYY-MM-DD HH24:MI:SS'), TO_DATE(('2022-04-19 06:32:01'), 'YYYY-MM-DD HH24:MI:SS'));
INSERT INTO 근태(날짜, 직원번호, 출근시각, 퇴근시각) VALUES ('2022-06-01', 49215, TO_DATE(('2022-06-01 12:22:54'), 'YYYY-MM-DD HH24:MI:SS'), TO_DATE(('2022-06-01 16:00:31'), 'YYYY-MM-DD HH24:MI:SS'));
INSERT INTO 근태(날짜, 직원번호, 출근시각, 퇴근시각) VALUES ('2022-02-08', 34681, TO_DATE(('2022-02-08 09:53:29'), 'YYYY-MM-DD HH24:MI:SS'), TO_DATE(('2022-02-08 16:35:13'), 'YYYY-MM-DD HH24:MI:SS'));
INSERT INTO 근태(날짜, 직원번호, 출근시각, 퇴근시각) VALUES ('2023-10-17', 43276, TO_DATE(('2023-10-17 04:18:13'), 'YYYY-MM-DD HH24:MI:SS'), TO_DATE(('2023-10-17 20:15:05'), 'YYYY-MM-DD HH24:MI:SS'));
INSERT INTO 근태(날짜, 직원번호, 출근시각, 퇴근시각) VALUES ('2023-01-26', 49635, TO_DATE(('2023-01-26 10:18:34'), 'YYYY-MM-DD HH24:MI:SS'), TO_DATE(('2023-01-26 11:00:13'), 'YYYY-MM-DD HH24:MI:SS'));
INSERT INTO 근태(날짜, 직원번호, 출근시각, 퇴근시각) VALUES ('2022-09-07', 27135, TO_DATE(('2022-09-07 08:04:41'), 'YYYY-MM-DD HH24:MI:SS'), TO_DATE(('2022-09-07 21:27:13'), 'YYYY-MM-DD HH24:MI:SS'));
INSERT INTO 근태(날짜, 직원번호, 출근시각, 퇴근시각) VALUES ('2022-10-27', 46785, TO_DATE(('2022-10-27 00:51:32'), 'YYYY-MM-DD HH24:MI:SS'), TO_DATE(('2022-10-27 07:23:19'), 'YYYY-MM-DD HH24:MI:SS'));
INSERT INTO 근태(날짜, 직원번호, 출근시각, 퇴근시각) VALUES ('2022-06-29', 48921, TO_DATE(('2022-06-29 01:07:39'), 'YYYY-MM-DD HH24:MI:SS'), TO_DATE(('2022-06-29 13:23:50'), 'YYYY-MM-DD HH24:MI:SS'));
INSERT INTO 근태(날짜, 직원번호, 출근시각, 퇴근시각) VALUES ('2022-07-03', 48972, TO_DATE(('2022-07-03 14:53:42'), 'YYYY-MM-DD HH24:MI:SS'), TO_DATE(('2022-07-03 21:04:13'), 'YYYY-MM-DD HH24:MI:SS'));
INSERT INTO 근태(날짜, 직원번호, 출근시각, 퇴근시각) VALUES ('2022-06-22', 48256, TO_DATE(('2022-06-22 00:58:36'), 'YYYY-MM-DD HH24:MI:SS'), TO_DATE(('2022-06-22 17:06:18'), 'YYYY-MM-DD HH24:MI:SS'));
INSERT INTO 근태(날짜, 직원번호, 출근시각, 퇴근시각) VALUES ('2022-06-08', 23517, TO_DATE(('2022-06-08 05:31:04'), 'YYYY-MM-DD HH24:MI:SS'), TO_DATE(('2022-06-08 13:44:21'), 'YYYY-MM-DD HH24:MI:SS'));
INSERT INTO 근태(날짜, 직원번호, 출근시각, 퇴근시각) VALUES ('2023-04-08', 18754, TO_DATE(('2023-04-08 04:28:58'), 'YYYY-MM-DD HH24:MI:SS'), TO_DATE(('2023-04-08 09:42:19'), 'YYYY-MM-DD HH24:MI:SS'));
INSERT INTO 근태(날짜, 직원번호, 출근시각, 퇴근시각) VALUES ('2023-03-22', 49835, TO_DATE(('2023-03-22 00:07:26'), 'YYYY-MM-DD HH24:MI:SS'), TO_DATE(('2023-03-22 01:46:28'), 'YYYY-MM-DD HH24:MI:SS'));
INSERT INTO 근태(날짜, 직원번호, 출근시각, 퇴근시각) VALUES ('2023-04-18', 27135, TO_DATE(('2023-04-18 15:12:55'), 'YYYY-MM-DD HH24:MI:SS'), TO_DATE(('2023-04-18 18:25:42'), 'YYYY-MM-DD HH24:MI:SS'));
INSERT INTO 근태(날짜, 직원번호, 출근시각, 퇴근시각) VALUES ('2023-09-13', 24635, TO_DATE(('2023-09-13 23:10:27'), 'YYYY-MM-DD HH24:MI:SS'), TO_DATE(('2023-09-13 23:58:57'), 'YYYY-MM-DD HH24:MI:SS'));
INSERT INTO 근태(날짜, 직원번호, 출근시각, 퇴근시각) VALUES ('2023-09-13', 42759, TO_DATE(('2023-09-13 06:48:33'), 'YYYY-MM-DD HH24:MI:SS'), TO_DATE(('2023-09-13 11:00:13'), 'YYYY-MM-DD HH24:MI:SS'));
INSERT INTO 근태(날짜, 직원번호, 출근시각, 퇴근시각) VALUES ('2023-06-19', 41379, TO_DATE(('2023-06-19 01:54:00'), 'YYYY-MM-DD HH24:MI:SS'), TO_DATE(('2023-06-19 09:47:17'), 'YYYY-MM-DD HH24:MI:SS'));
INSERT INTO 근태(날짜, 직원번호, 출근시각, 퇴근시각) VALUES ('2023-03-07', 49728, TO_DATE(('2023-03-07 07:26:32'), 'YYYY-MM-DD HH24:MI:SS'), TO_DATE(('2023-03-07 14:43:46'), 'YYYY-MM-DD HH24:MI:SS'));
INSERT INTO 근태(날짜, 직원번호, 출근시각, 퇴근시각) VALUES ('2022-05-16', 51247, TO_DATE(('2022-05-16 16:12:29'), 'YYYY-MM-DD HH24:MI:SS'), TO_DATE(('2022-05-16 23:17:43'), 'YYYY-MM-DD HH24:MI:SS'));
INSERT INTO 근태(날짜, 직원번호, 출근시각, 퇴근시각) VALUES ('2023-11-21', 15947, TO_DATE(('2023-11-21 02:53:24'), 'YYYY-MM-DD HH24:MI:SS'), TO_DATE(('2023-11-21 06:42:46'), 'YYYY-MM-DD HH24:MI:SS'));
INSERT INTO 근태(날짜, 직원번호, 출근시각, 퇴근시각) VALUES ('2022-05-01', 23517, TO_DATE(('2022-05-01 02:53:24'), 'YYYY-MM-DD HH24:MI:SS'), TO_DATE(('2022-05-01 10:26:04'), 'YYYY-MM-DD HH24:MI:SS'));
INSERT INTO 근태(날짜, 직원번호, 출근시각, 퇴근시각) VALUES ('2023-08-21', 48972, TO_DATE(('2023-08-21 00:58:50'), 'YYYY-MM-DD HH24:MI:SS'), TO_DATE(('2023-08-21 07:26:32'), 'YYYY-MM-DD HH24:MI:SS'));
INSERT INTO 근태(날짜, 직원번호, 출근시각, 퇴근시각) VALUES ('2023-09-01', 49378, TO_DATE(('2023-09-01 13:23:50'), 'YYYY-MM-DD HH24:MI:SS'), TO_DATE(('2023-09-01 22:51:35'), 'YYYY-MM-DD HH24:MI:SS'));
INSERT INTO 근태(날짜, 직원번호, 출근시각, 퇴근시각) VALUES ('2022-02-10', 46732, TO_DATE(('2022-02-10 08:17:14'), 'YYYY-MM-DD HH24:MI:SS'), TO_DATE(('2022-02-10 17:03:15'), 'YYYY-MM-DD HH24:MI:SS'));
INSERT INTO 근태(날짜, 직원번호, 출근시각, 퇴근시각) VALUES ('2023-03-07', 31462, TO_DATE(('2023-03-07 00:06:54'), 'YYYY-MM-DD HH24:MI:SS'), TO_DATE(('2023-03-07 03:36:39'), 'YYYY-MM-DD HH24:MI:SS'));
INSERT INTO 근태(날짜, 직원번호, 출근시각, 퇴근시각) VALUES ('2023-09-11', 50814, TO_DATE(('2023-09-11 08:55:44'), 'YYYY-MM-DD HH24:MI:SS'), TO_DATE(('2023-09-11 23:01:42'), 'YYYY-MM-DD HH24:MI:SS'));
INSERT INTO 근태(날짜, 직원번호, 출근시각, 퇴근시각) VALUES ('2022-02-08', 51432, TO_DATE(('2022-02-08 09:42:19'), 'YYYY-MM-DD HH24:MI:SS'), TO_DATE(('2022-02-08 10:07:38'), 'YYYY-MM-DD HH24:MI:SS'));
INSERT INTO 근태(날짜, 직원번호, 출근시각, 퇴근시각) VALUES ('2022-01-11', 49635, TO_DATE(('2022-01-11 01:46:28'), 'YYYY-MM-DD HH24:MI:SS'), TO_DATE(('2022-01-11 02:40:06'), 'YYYY-MM-DD HH24:MI:SS'));
INSERT INTO 근태(날짜, 직원번호, 출근시각, 퇴근시각) VALUES ('2022-11-29', 50974, TO_DATE(('2022-11-29 01:13:14'), 'YYYY-MM-DD HH24:MI:SS'), TO_DATE(('2022-11-29 12:50:23'), 'YYYY-MM-DD HH24:MI:SS'));
INSERT INTO 근태(날짜, 직원번호, 출근시각, 퇴근시각) VALUES ('2024-02-22', 52731, TO_DATE(('2024-02-22 05:50:54'), 'YYYY-MM-DD HH24:MI:SS'), TO_DATE(('2024-02-22 10:12:47'), 'YYYY-MM-DD HH24:MI:SS'));
INSERT INTO 근태(날짜, 직원번호, 출근시각, 퇴근시각) VALUES ('2022-08-29', 53124, TO_DATE(('2022-08-29 01:46:42'), 'YYYY-MM-DD HH24:MI:SS'), TO_DATE(('2022-08-29 23:40:09'), 'YYYY-MM-DD HH24:MI:SS'));
INSERT INTO 근태(날짜, 직원번호, 출근시각, 퇴근시각) VALUES ('2023-11-04', 53621, TO_DATE(('2023-11-04 05:20:47'), 'YYYY-MM-DD HH24:MI:SS'), TO_DATE(('2023-11-04 17:06:18'), 'YYYY-MM-DD HH24:MI:SS'));
INSERT INTO 근태(날짜, 직원번호, 출근시각, 퇴근시각) VALUES ('2022-11-24', 52347, TO_DATE(('2022-11-24 03:15:10'), 'YYYY-MM-DD HH24:MI:SS'), TO_DATE(('2022-11-24 21:44:16'), 'YYYY-MM-DD HH24:MI:SS'));
INSERT INTO 근태(날짜, 직원번호, 출근시각, 퇴근시각) VALUES ('2022-04-19', 52947, TO_DATE(('2022-04-19 09:53:29'), 'YYYY-MM-DD HH24:MI:SS'), TO_DATE(('2022-04-19 13:06:40'), 'YYYY-MM-DD HH24:MI:SS'));
INSERT INTO 근태(날짜, 직원번호, 출근시각, 퇴근시각) VALUES ('2023-04-18', 52174, TO_DATE(('2023-04-18 14:38:50'), 'YYYY-MM-DD HH24:MI:SS'), TO_DATE(('2023-04-18 14:58:56'), 'YYYY-MM-DD HH24:MI:SS'));
INSERT INTO 근태(날짜, 직원번호, 출근시각, 퇴근시각) VALUES ('2024-01-19', 34768, TO_DATE(('2024-01-19 04:28:58'), 'YYYY-MM-DD HH24:MI:SS'), TO_DATE(('2024-01-19 15:39:21'), 'YYYY-MM-DD HH24:MI:SS'));
INSERT INTO 근태(날짜, 직원번호, 출근시각, 퇴근시각) VALUES ('2022-07-03', 23961, TO_DATE(('2022-07-03 01:07:39'), 'YYYY-MM-DD HH24:MI:SS'), TO_DATE(('2022-07-03 17:20:52'), 'YYYY-MM-DD HH24:MI:SS'));
INSERT INTO 근태(날짜, 직원번호, 출근시각, 퇴근시각) VALUES ('2023-10-08', 49215, TO_DATE(('2023-10-08 01:27:43'), 'YYYY-MM-DD HH24:MI:SS'), TO_DATE(('2023-10-08 15:12:55'), 'YYYY-MM-DD HH24:MI:SS'));
INSERT INTO 근태(날짜, 직원번호, 출근시각, 퇴근시각) VALUES ('2022-09-04', 49635, TO_DATE(('2022-09-04 16:00:31'), 'YYYY-MM-DD HH24:MI:SS'), TO_DATE(('2022-09-04 23:54:03'), 'YYYY-MM-DD HH24:MI:SS'));
INSERT INTO 근태(날짜, 직원번호, 출근시각, 퇴근시각) VALUES ('2023-08-31', 52436, TO_DATE(('2023-08-31 06:32:01'), 'YYYY-MM-DD HH24:MI:SS'), TO_DATE(('2023-08-31 10:26:04'), 'YYYY-MM-DD HH24:MI:SS'));
INSERT INTO 근태(날짜, 직원번호, 출근시각, 퇴근시각) VALUES ('2023-04-10', 38516, TO_DATE(('2023-04-10 10:09:13'), 'YYYY-MM-DD HH24:MI:SS'), TO_DATE(('2023-04-10 23:54:03'), 'YYYY-MM-DD HH24:MI:SS'));
INSERT INTO 근태(날짜, 직원번호, 출근시각, 퇴근시각) VALUES ('2022-09-07', 49378, TO_DATE(('2022-09-07 03:15:53'), 'YYYY-MM-DD HH24:MI:SS'), TO_DATE(('2022-09-07 22:22:56'), 'YYYY-MM-DD HH24:MI:SS'));
INSERT INTO 근태(날짜, 직원번호, 출근시각, 퇴근시각) VALUES ('2023-02-11', 25693, TO_DATE(('2023-02-11 14:53:42'), 'YYYY-MM-DD HH24:MI:SS'), TO_DATE(('2023-02-11 23:58:57'), 'YYYY-MM-DD HH24:MI:SS'));
INSERT INTO 근태(날짜, 직원번호, 출근시각, 퇴근시각) VALUES ('2022-08-29', 52731, TO_DATE(('2022-08-29 09:58:17'), 'YYYY-MM-DD HH24:MI:SS'), TO_DATE(('2022-08-29 21:07:37'), 'YYYY-MM-DD HH24:MI:SS'));
INSERT INTO 근태(날짜, 직원번호, 출근시각, 퇴근시각) VALUES ('2023-05-28', 35127, TO_DATE(('2023-05-28 05:09:04'), 'YYYY-MM-DD HH24:MI:SS'), TO_DATE(('2023-05-28 07:23:19'), 'YYYY-MM-DD HH24:MI:SS'));
INSERT INTO 근태(날짜, 직원번호, 출근시각, 퇴근시각) VALUES ('2022-05-08', 38516, TO_DATE(('2022-05-08 00:07:26'), 'YYYY-MM-DD HH24:MI:SS'), TO_DATE(('2022-05-08 09:49:00'), 'YYYY-MM-DD HH24:MI:SS'));
INSERT INTO 근태(날짜, 직원번호, 출근시각, 퇴근시각) VALUES ('2023-09-05', 52461, TO_DATE(('2023-09-05 00:04:15'), 'YYYY-MM-DD HH24:MI:SS'), TO_DATE(('2023-09-05 23:42:31'), 'YYYY-MM-DD HH24:MI:SS'));
INSERT INTO 근태(날짜, 직원번호, 출근시각, 퇴근시각) VALUES ('2024-01-05', 23961, TO_DATE(('2024-01-05 01:34:54'), 'YYYY-MM-DD HH24:MI:SS'), TO_DATE(('2024-01-05 02:25:36'), 'YYYY-MM-DD HH24:MI:SS'));
INSERT INTO 근태(날짜, 직원번호, 출근시각, 퇴근시각) VALUES ('2022-02-10', 52174, TO_DATE(('2022-02-10 04:37:55'), 'YYYY-MM-DD HH24:MI:SS'), TO_DATE(('2022-02-10 21:27:13'), 'YYYY-MM-DD HH24:MI:SS'));
INSERT INTO 근태(날짜, 직원번호, 출근시각, 퇴근시각) VALUES ('2024-02-22', 52184, TO_DATE(('2024-02-22 09:47:17'), 'YYYY-MM-DD HH24:MI:SS'), TO_DATE(('2024-02-22 11:08:16'), 'YYYY-MM-DD HH24:MI:SS'));
INSERT INTO 근태(날짜, 직원번호, 출근시각, 퇴근시각) VALUES ('2023-11-27', 48532, TO_DATE(('2023-11-27 18:11:16'), 'YYYY-MM-DD HH24:MI:SS'), TO_DATE(('2023-11-27 23:22:58'), 'YYYY-MM-DD HH24:MI:SS'));
INSERT INTO 근태(날짜, 직원번호, 출근시각, 퇴근시각) VALUES ('2024-01-06', 52198, TO_DATE(('2024-01-06 03:15:53'), 'YYYY-MM-DD HH24:MI:SS'), TO_DATE(('2024-01-06 11:22:51'), 'YYYY-MM-DD HH24:MI:SS'));
INSERT INTO 근태(날짜, 직원번호, 출근시각, 퇴근시각) VALUES ('2023-09-28', 27135, TO_DATE(('2023-09-28 05:39:53'), 'YYYY-MM-DD HH24:MI:SS'), TO_DATE(('2023-09-28 08:25:51'), 'YYYY-MM-DD HH24:MI:SS'));
INSERT INTO 근태(날짜, 직원번호, 출근시각, 퇴근시각) VALUES ('2023-02-21', 35682, TO_DATE(('2023-02-21 13:21:58'), 'YYYY-MM-DD HH24:MI:SS'), TO_DATE(('2023-02-21 21:11:47'), 'YYYY-MM-DD HH24:MI:SS'));
INSERT INTO 근태(날짜, 직원번호, 출근시각, 퇴근시각) VALUES ('2023-11-21', 52436, TO_DATE(('2023-11-21 02:40:06'), 'YYYY-MM-DD HH24:MI:SS'), TO_DATE(('2023-11-21 08:55:44'), 'YYYY-MM-DD HH24:MI:SS'));
INSERT INTO 근태(날짜, 직원번호, 출근시각, 퇴근시각) VALUES ('2022-04-19', 53642, TO_DATE(('2022-04-19 17:20:52'), 'YYYY-MM-DD HH24:MI:SS'), TO_DATE(('2022-04-19 23:54:03'), 'YYYY-MM-DD HH24:MI:SS'));
INSERT INTO 근태(날짜, 직원번호, 출근시각, 퇴근시각) VALUES ('2024-02-28', 23654, TO_DATE(('2024-02-28 18:25:42'), 'YYYY-MM-DD HH24:MI:SS'), TO_DATE(('2024-02-28 21:25:21'), 'YYYY-MM-DD HH24:MI:SS'));
INSERT INTO 근태(날짜, 직원번호, 출근시각, 퇴근시각) VALUES ('2022-12-28', 48136, TO_DATE(('2022-12-28 18:20:50'), 'YYYY-MM-DD HH24:MI:SS'), TO_DATE(('2022-12-28 19:01:07'), 'YYYY-MM-DD HH24:MI:SS'));
INSERT INTO 근태(날짜, 직원번호, 출근시각, 퇴근시각) VALUES ('2022-12-23', 39741, TO_DATE(('2022-12-23 19:01:27'), 'YYYY-MM-DD HH24:MI:SS'), TO_DATE(('2022-12-23 23:17:43'), 'YYYY-MM-DD HH24:MI:SS'));
INSERT INTO 근태(날짜, 직원번호, 출근시각, 퇴근시각) VALUES ('2022-12-22', 34127, TO_DATE(('2022-12-22 09:53:29'), 'YYYY-MM-DD HH24:MI:SS'), TO_DATE(('2022-12-22 11:00:13'), 'YYYY-MM-DD HH24:MI:SS'));
INSERT INTO 근태(날짜, 직원번호, 출근시각, 퇴근시각) VALUES ('2024-01-06', 53146, TO_DATE(('2024-01-06 05:20:47'), 'YYYY-MM-DD HH24:MI:SS'), TO_DATE(('2024-01-06 05:20:47'), 'YYYY-MM-DD HH24:MI:SS'));
INSERT INTO 근태(날짜, 직원번호, 출근시각, 퇴근시각) VALUES ('2023-09-01', 46128, TO_DATE(('2023-09-01 14:46:30'), 'YYYY-MM-DD HH24:MI:SS'), TO_DATE(('2023-09-01 22:38:51'), 'YYYY-MM-DD HH24:MI:SS'));
INSERT INTO 근태(날짜, 직원번호, 출근시각, 퇴근시각) VALUES ('2023-04-10', 49215, TO_DATE(('2023-04-10 06:32:01'), 'YYYY-MM-DD HH24:MI:SS'), TO_DATE(('2023-04-10 17:23:50'), 'YYYY-MM-DD HH24:MI:SS'));
INSERT INTO 근태(날짜, 직원번호, 출근시각, 퇴근시각) VALUES ('2024-01-14', 52461, TO_DATE(('2024-01-14 17:06:41'), 'YYYY-MM-DD HH24:MI:SS'), TO_DATE(('2024-01-14 19:44:59'), 'YYYY-MM-DD HH24:MI:SS'));
INSERT INTO 근태(날짜, 직원번호, 출근시각, 퇴근시각) VALUES ('2024-01-01', 52436, TO_DATE(('2024-01-01 14:46:20'), 'YYYY-MM-DD HH24:MI:SS'), TO_DATE(('2024-01-01 14:46:30'), 'YYYY-MM-DD HH24:MI:SS'));
INSERT INTO 근태(날짜, 직원번호, 출근시각, 퇴근시각) VALUES ('2022-02-19', 46785, TO_DATE(('2022-02-19 21:23:30'), 'YYYY-MM-DD HH24:MI:SS'), TO_DATE(('2022-02-19 23:01:42'), 'YYYY-MM-DD HH24:MI:SS'));
INSERT INTO 근태(날짜, 직원번호, 출근시각, 퇴근시각) VALUES ('2023-08-15', 21486, TO_DATE(('2023-08-15 13:28:56'), 'YYYY-MM-DD HH24:MI:SS'), TO_DATE(('2023-08-15 23:17:43'), 'YYYY-MM-DD HH24:MI:SS'));
INSERT INTO 근태(날짜, 직원번호, 출근시각, 퇴근시각) VALUES ('2023-11-07', 49215, TO_DATE(('2023-11-07 00:27:44'), 'YYYY-MM-DD HH24:MI:SS'), TO_DATE(('2023-11-07 21:42:55'), 'YYYY-MM-DD HH24:MI:SS'));
INSERT INTO 근태(날짜, 직원번호, 출근시각, 퇴근시각) VALUES ('2022-02-02', 54732, TO_DATE(('2022-02-02 06:32:01'), 'YYYY-MM-DD HH24:MI:SS'), TO_DATE(('2022-02-02 19:44:59'), 'YYYY-MM-DD HH24:MI:SS'));
INSERT INTO 근태(날짜, 직원번호, 출근시각, 퇴근시각) VALUES ('2022-03-02', 48921, TO_DATE(('2022-03-02 05:50:54'), 'YYYY-MM-DD HH24:MI:SS'), TO_DATE(('2022-03-02 20:39:19'), 'YYYY-MM-DD HH24:MI:SS'));
INSERT INTO 근태(날짜, 직원번호, 출근시각, 퇴근시각) VALUES ('2023-06-14', 23517, TO_DATE(('2023-06-14 02:40:06'), 'YYYY-MM-DD HH24:MI:SS'), TO_DATE(('2023-06-14 22:51:35'), 'YYYY-MM-DD HH24:MI:SS'));
INSERT INTO 근태(날짜, 직원번호, 출근시각, 퇴근시각) VALUES ('2022-12-22', 49215, TO_DATE(('2022-12-22 00:31:48'), 'YYYY-MM-DD HH24:MI:SS'), TO_DATE(('2022-12-22 15:39:21'), 'YYYY-MM-DD HH24:MI:SS'));
INSERT INTO 근태(날짜, 직원번호, 출근시각, 퇴근시각) VALUES ('2024-02-05', 15748, TO_DATE(('2024-02-05 10:19:17'), 'YYYY-MM-DD HH24:MI:SS'), TO_DATE(('2024-02-05 12:11:28'), 'YYYY-MM-DD HH24:MI:SS'));
INSERT INTO 근태(날짜, 직원번호, 출근시각, 퇴근시각) VALUES ('2022-01-15', 38516, TO_DATE(('2022-01-15 13:21:58'), 'YYYY-MM-DD HH24:MI:SS'), TO_DATE(('2022-01-15 17:59:18'), 'YYYY-MM-DD HH24:MI:SS'));
INSERT INTO 근태(날짜, 직원번호, 출근시각, 퇴근시각) VALUES ('2023-12-18', 52174, TO_DATE(('2023-12-18 15:39:21'), 'YYYY-MM-DD HH24:MI:SS'), TO_DATE(('2023-12-18 19:05:26'), 'YYYY-MM-DD HH24:MI:SS'));
INSERT INTO 근태(날짜, 직원번호, 출근시각, 퇴근시각) VALUES ('2022-07-16', 15748, TO_DATE(('2022-07-16 13:23:50'), 'YYYY-MM-DD HH24:MI:SS'), TO_DATE(('2022-07-16 22:36:16'), 'YYYY-MM-DD HH24:MI:SS'));
INSERT INTO 근태(날짜, 직원번호, 출근시각, 퇴근시각) VALUES ('2022-05-03', 51379, TO_DATE(('2022-05-03 03:13:13'), 'YYYY-MM-DD HH24:MI:SS'), TO_DATE(('2022-05-03 09:55:12'), 'YYYY-MM-DD HH24:MI:SS'));
INSERT INTO 근태(날짜, 직원번호, 출근시각, 퇴근시각) VALUES ('2023-08-24', 52947, TO_DATE(('2023-08-24 01:34:54'), 'YYYY-MM-DD HH24:MI:SS'), TO_DATE(('2023-08-24 11:31:05'), 'YYYY-MM-DD HH24:MI:SS'));
INSERT INTO 근태(날짜, 직원번호, 출근시각, 퇴근시각) VALUES ('2024-01-05', 41835, TO_DATE(('2024-01-05 10:19:17'), 'YYYY-MM-DD HH24:MI:SS'), TO_DATE(('2024-01-05 13:28:56'), 'YYYY-MM-DD HH24:MI:SS'));
INSERT INTO 근태(날짜, 직원번호, 출근시각, 퇴근시각) VALUES ('2023-04-18', 42761, TO_DATE(('2023-04-18 08:04:41'), 'YYYY-MM-DD HH24:MI:SS'), TO_DATE(('2023-04-18 21:25:32'), 'YYYY-MM-DD HH24:MI:SS'));
INSERT INTO 근태(날짜, 직원번호, 출근시각, 퇴근시각) VALUES ('2022-05-06', 56321, TO_DATE(('2022-05-06 05:09:04'), 'YYYY-MM-DD HH24:MI:SS'), TO_DATE(('2022-05-06 13:23:50'), 'YYYY-MM-DD HH24:MI:SS'));
INSERT INTO 근태(날짜, 직원번호, 출근시각, 퇴근시각) VALUES ('2022-02-08', 39248, TO_DATE(('2022-02-08 09:31:58'), 'YYYY-MM-DD HH24:MI:SS'), TO_DATE(('2022-02-08 22:25:20'), 'YYYY-MM-DD HH24:MI:SS'));
INSERT INTO 근태(날짜, 직원번호, 출근시각, 퇴근시각) VALUES ('2022-05-03', 50974, TO_DATE(('2022-05-03 02:40:06'), 'YYYY-MM-DD HH24:MI:SS'), TO_DATE(('2022-05-03 05:20:47'), 'YYYY-MM-DD HH24:MI:SS'));
INSERT INTO 근태(날짜, 직원번호, 출근시각, 퇴근시각) VALUES ('2022-03-02', 43276, TO_DATE(('2022-03-02 09:29:43'), 'YYYY-MM-DD HH24:MI:SS'), TO_DATE(('2022-03-02 22:36:16'), 'YYYY-MM-DD HH24:MI:SS'));
INSERT INTO 근태(날짜, 직원번호, 출근시각, 퇴근시각) VALUES ('2023-08-24', 28764, TO_DATE(('2023-08-24 06:52:53'), 'YYYY-MM-DD HH24:MI:SS'), TO_DATE(('2023-08-24 21:27:53'), 'YYYY-MM-DD HH24:MI:SS'));
INSERT INTO 근태(날짜, 직원번호, 출근시각, 퇴근시각) VALUES ('2022-03-30', 51293, TO_DATE(('2022-03-30 09:29:43'), 'YYYY-MM-DD HH24:MI:SS'), TO_DATE(('2022-03-30 20:39:19'), 'YYYY-MM-DD HH24:MI:SS'));
INSERT INTO 근태(날짜, 직원번호, 출근시각, 퇴근시각) VALUES ('2022-07-02', 52947, TO_DATE(('2022-07-02 03:36:39'), 'YYYY-MM-DD HH24:MI:SS'), TO_DATE(('2022-07-02 23:17:43'), 'YYYY-MM-DD HH24:MI:SS'));
INSERT INTO 근태(날짜, 직원번호, 출근시각, 퇴근시각) VALUES ('2022-02-10', 52147, TO_DATE(('2022-02-10 06:52:53'), 'YYYY-MM-DD HH24:MI:SS'), TO_DATE(('2022-02-10 22:51:35'), 'YYYY-MM-DD HH24:MI:SS'));
INSERT INTO 근태(날짜, 직원번호, 출근시각, 퇴근시각) VALUES ('2022-11-29', 53621, TO_DATE(('2022-11-29 01:07:39'), 'YYYY-MM-DD HH24:MI:SS'), TO_DATE(('2022-11-29 09:53:29'), 'YYYY-MM-DD HH24:MI:SS'));

INSERT INTO 일정(일정번호, 직원번호, 시작일자, 종료일자, 일정내용) VALUES (4852635877, 51293, '2022-08-05', '2024-01-29', '경영전략 검토');
INSERT INTO 일정(일정번호, 직원번호, 시작일자, 종료일자, 일정내용) VALUES (9018458400, 53124, '2022-06-25', '2022-11-12', '프로젝트 현황 업데이트');
INSERT INTO 일정(일정번호, 직원번호, 시작일자, 종료일자, 일정내용) VALUES (3655117356, 48972, '2023-04-05', '2024-02-11', '연구결과 발표');
INSERT INTO 일정(일정번호, 직원번호, 시작일자, 종료일자, 일정내용) VALUES (6313159303, 56321, '2022-12-26', '2024-01-05', '휴가');
INSERT INTO 일정(일정번호, 직원번호, 시작일자, 종료일자, 일정내용) VALUES (4918750769, 41856, '2024-01-19', '2024-02-14', '마케팅을 위한 콘텐츠 전략 회의');
INSERT INTO 일정(일정번호, 직원번호, 시작일자, 종료일자, 일정내용) VALUES (8937573029, 42981, '2022-09-08', '2022-10-23', '경영진 구성 활동');
INSERT INTO 일정(일정번호, 직원번호, 시작일자, 종료일자, 일정내용) VALUES (8742775605, 14657, '2022-08-11', '2023-02-06', '코드 리뷰 세션');
INSERT INTO 일정(일정번호, 직원번호, 시작일자, 종료일자, 일정내용) VALUES (2241474771, 51379, '2022-09-07', '2023-04-08', '코드 리뷰 세션');
INSERT INTO 일정(일정번호, 직원번호, 시작일자, 종료일자, 일정내용) VALUES (2241474771, 47851, '2022-02-28', '2023-08-24', '마케팅을 위한 콘텐츠 전략 회의');
INSERT INTO 일정(일정번호, 직원번호, 시작일자, 종료일자, 일정내용) VALUES (7178180797, 47126, '2022-02-28', '2023-08-21', '주간 마무리 회의');
INSERT INTO 일정(일정번호, 직원번호, 시작일자, 종료일자, 일정내용) VALUES (1002990797, 52947, '2022-04-21', '2022-11-23', '연구실험 기획');
INSERT INTO 일정(일정번호, 직원번호, 시작일자, 종료일자, 일정내용) VALUES (7336964097, 15748, '2022-04-13', '2023-04-18', '임원 분기별 계획');
INSERT INTO 일정(일정번호, 직원번호, 시작일자, 종료일자, 일정내용) VALUES (4679412699, 21573, '2024-01-14', '2024-02-11', '개발 스프린트 데모');
INSERT INTO 일정(일정번호, 직원번호, 시작일자, 종료일자, 일정내용) VALUES (9544155928, 48921, '2022-08-29', '2024-01-27', '연구 진행상황 업데이트');
INSERT INTO 일정(일정번호, 직원번호, 시작일자, 종료일자, 일정내용) VALUES (9252312587, 41835, '2022-04-13', '2023-04-10', '연구결과 발표');
INSERT INTO 일정(일정번호, 직원번호, 시작일자, 종료일자, 일정내용) VALUES (7193577157, 21573, '2024-02-10', '2024-02-11', '개발자를 위한 기술 공유 세션');
INSERT INTO 일정(일정번호, 직원번호, 시작일자, 종료일자, 일정내용) VALUES (2162022329, 42935, '2023-08-21', '2023-11-01', '프로젝트 현황 업데이트');
INSERT INTO 일정(일정번호, 직원번호, 시작일자, 종료일자, 일정내용) VALUES (6507169564, 49835, '2023-05-23', '2023-08-15', '육아휴직');
INSERT INTO 일정(일정번호, 직원번호, 시작일자, 종료일자, 일정내용) VALUES (2241474771, 52436, '2023-08-20', '2023-12-04', '개발자 교육 세션');
INSERT INTO 일정(일정번호, 직원번호, 시작일자, 종료일자, 일정내용) VALUES (5465278225, 46732, '2023-05-23', '2023-05-28', '경영진 분기별 계획');
INSERT INTO 일정(일정번호, 직원번호, 시작일자, 종료일자, 일정내용) VALUES (5465278225, 54732, '2022-09-07', '2024-01-01', '집행예산 검토');
INSERT INTO 일정(일정번호, 직원번호, 시작일자, 종료일자, 일정내용) VALUES (5505612943, 52461, '2022-03-23', '2023-08-04', '프로젝트 현황 업데이트');
INSERT INTO 일정(일정번호, 직원번호, 시작일자, 종료일자, 일정내용) VALUES (4046771940, 53421, '2022-03-23', '2024-02-10', '개발자를 위한 기술 공유 세션');
INSERT INTO 일정(일정번호, 직원번호, 시작일자, 종료일자, 일정내용) VALUES (8220728084, 48136, '2022-02-22', '2023-01-26', '연구실험 기획');
INSERT INTO 일정(일정번호, 직원번호, 시작일자, 종료일자, 일정내용) VALUES (7366568962, 38754, '2022-04-14', '2022-09-09', '​​개발자를 위한 팀 회고전');
INSERT INTO 일정(일정번호, 직원번호, 시작일자, 종료일자, 일정내용) VALUES (6918338092, 53842, '2022-06-01', '2022-09-12', '경영전략 검토');
INSERT INTO 일정(일정번호, 직원번호, 시작일자, 종료일자, 일정내용) VALUES (1660665196, 42761, '2022-05-01', '2022-08-05', '임원경과보고서');
INSERT INTO 일정(일정번호, 직원번호, 시작일자, 종료일자, 일정내용) VALUES (9925417298, 37645, '2022-02-19', '2022-07-05', '경영진 구성 활동');
INSERT INTO 일정(일정번호, 직원번호, 시작일자, 종료일자, 일정내용) VALUES (6024726115, 52136, '2022-07-16', '2023-05-13', '임원진행보고서');
INSERT INTO 일정(일정번호, 직원번호, 시작일자, 종료일자, 일정내용) VALUES (9712716512, 42935, '2024-02-10', '2024-02-10', '휴가');
INSERT INTO 일정(일정번호, 직원번호, 시작일자, 종료일자, 일정내용) VALUES (7194513579, 38516, '2022-11-23', '2024-02-29', '팀회의');
INSERT INTO 일정(일정번호, 직원번호, 시작일자, 종료일자, 일정내용) VALUES (2622273626, 49827, '2022-02-05', '2022-08-11', '개발자 교육 세션');
INSERT INTO 일정(일정번호, 직원번호, 시작일자, 종료일자, 일정내용) VALUES (3000349669, 48972, '2022-06-25', '2023-08-21', '연구 데이터 분석');
INSERT INTO 일정(일정번호, 직원번호, 시작일자, 종료일자, 일정내용) VALUES (9712716512, 53146, '2023-05-28', '2023-12-08', '개발자 교육 세션');
INSERT INTO 일정(일정번호, 직원번호, 시작일자, 종료일자, 일정내용) VALUES (6381238916, 15382, '2023-11-09', '2023-11-21', '연구문헌 검토');
INSERT INTO 일정(일정번호, 직원번호, 시작일자, 종료일자, 일정내용) VALUES (7612923140, 42761, '2022-01-28', '2023-11-07', '출산휴직');
INSERT INTO 일정(일정번호, 직원번호, 시작일자, 종료일자, 일정내용) VALUES (7195506616, 42759, '2022-04-21', '2022-07-03', '경영전략 검토');
INSERT INTO 일정(일정번호, 직원번호, 시작일자, 종료일자, 일정내용) VALUES (6507169564, 50974, '2022-02-28', '2023-04-08', '개발자를 위한 기술 공유 세션');
INSERT INTO 일정(일정번호, 직원번호, 시작일자, 종료일자, 일정내용) VALUES (2123921152, 53621, '2022-07-05', '2023-02-13', '팀회의');
INSERT INTO 일정(일정번호, 직원번호, 시작일자, 종료일자, 일정내용) VALUES (9589588375, 49835, '2022-02-05', '2022-12-28', '마케팅 분석 검토');
INSERT INTO 일정(일정번호, 직원번호, 시작일자, 종료일자, 일정내용) VALUES (7474345987, 52174, '2022-07-02', '2023-08-05', '출산휴직');
INSERT INTO 일정(일정번호, 직원번호, 시작일자, 종료일자, 일정내용) VALUES (4679412699, 49215, '2022-08-16', '2023-10-26', '코드 리뷰 세션');
INSERT INTO 일정(일정번호, 직원번호, 시작일자, 종료일자, 일정내용) VALUES (3965191032, 52417, '2023-01-01', '2023-11-04', '개발 스프린트 데모');
INSERT INTO 일정(일정번호, 직원번호, 시작일자, 종료일자, 일정내용) VALUES (7612923140, 50328, '2022-07-15', '2023-08-24', '개발자를 위한 기술 공유 세션');
INSERT INTO 일정(일정번호, 직원번호, 시작일자, 종료일자, 일정내용) VALUES (1297394115, 46128, '2022-11-23', '2023-08-15', '개발자 교육 세션');
INSERT INTO 일정(일정번호, 직원번호, 시작일자, 종료일자, 일정내용) VALUES (4246009703, 48532, '2023-09-12', '2024-01-19', '마케팅 분석 검토');
INSERT INTO 일정(일정번호, 직원번호, 시작일자, 종료일자, 일정내용) VALUES (1121931974, 50814, '2022-02-05', '2024-01-29', '연구결과 발표');
INSERT INTO 일정(일정번호, 직원번호, 시작일자, 종료일자, 일정내용) VALUES (2560739541, 48136, '2022-04-02', '2023-02-21', '연구 진행상황 업데이트');
INSERT INTO 일정(일정번호, 직원번호, 시작일자, 종료일자, 일정내용) VALUES (6879161846, 18754, '2023-01-26', '2023-11-01', '경영전략 검토');
INSERT INTO 일정(일정번호, 직원번호, 시작일자, 종료일자, 일정내용) VALUES (3443109676, 14657, '2022-05-01', '2023-11-04', '개발자를 위한 클라이언트 미팅');
INSERT INTO 일정(일정번호, 직원번호, 시작일자, 종료일자, 일정내용) VALUES (8175597161, 48972, '2022-01-15', '2022-02-28', '연구 진행상황 업데이트');
INSERT INTO 일정(일정번호, 직원번호, 시작일자, 종료일자, 일정내용) VALUES (9731000083, 41379, '2022-01-28', '2023-04-22', '경영전략 검토');
INSERT INTO 일정(일정번호, 직원번호, 시작일자, 종료일자, 일정내용) VALUES (7366568962, 34681, '2022-02-17', '2023-11-21', '개발자를 위한 스프린트 계획');
INSERT INTO 일정(일정번호, 직원번호, 시작일자, 종료일자, 일정내용) VALUES (6712601390, 42981, '2022-07-10', '2023-02-10', '집행예산 검토');
INSERT INTO 일정(일정번호, 직원번호, 시작일자, 종료일자, 일정내용) VALUES (1982732237, 49728, '2022-02-17', '2022-05-01', '연구실험 기획');
INSERT INTO 일정(일정번호, 직원번호, 시작일자, 종료일자, 일정내용) VALUES (1982732237, 18754, '2022-01-11', '2023-11-23', '연구 데이터 분석');
INSERT INTO 일정(일정번호, 직원번호, 시작일자, 종료일자, 일정내용) VALUES (3144756319, 15947, '2022-05-16', '2022-11-22', '마케팅 캠페인 시작');
INSERT INTO 일정(일정번호, 직원번호, 시작일자, 종료일자, 일정내용) VALUES (1765074479, 52136, '2022-09-08', '2023-12-25', '육아휴직');
INSERT INTO 일정(일정번호, 직원번호, 시작일자, 종료일자, 일정내용) VALUES (1417737431, 53621, '2022-08-29', '2023-08-20', '마케팅 분석 검토');
INSERT INTO 일정(일정번호, 직원번호, 시작일자, 종료일자, 일정내용) VALUES (1041501877, 52461, '2023-11-07', '2023-12-08', '연구실험 기획');
INSERT INTO 일정(일정번호, 직원번호, 시작일자, 종료일자, 일정내용) VALUES (2785682816, 52147, '2022-07-05', '2022-11-30', '개발자 교육 세션');
INSERT INTO 일정(일정번호, 직원번호, 시작일자, 종료일자, 일정내용) VALUES (6024726115, 31462, '2023-11-01', '2023-12-18', '연구문헌 검토');
INSERT INTO 일정(일정번호, 직원번호, 시작일자, 종료일자, 일정내용) VALUES (7474345987, 56321, '2022-04-21', '2023-11-23', '출산휴직');
INSERT INTO 일정(일정번호, 직원번호, 시작일자, 종료일자, 일정내용) VALUES (2949165182, 48921, '2023-02-10', '2023-12-04', '프로젝트 현황 업데이트');
INSERT INTO 일정(일정번호, 직원번호, 시작일자, 종료일자, 일정내용) VALUES (3703977790, 15382, '2022-11-24', '2022-11-30', '팀회의');
INSERT INTO 일정(일정번호, 직원번호, 시작일자, 종료일자, 일정내용) VALUES (8175597161, 51379, '2023-11-05', '2024-02-11', '임원진행보고서');
INSERT INTO 일정(일정번호, 직원번호, 시작일자, 종료일자, 일정내용) VALUES (6381238916, 17345, '2022-04-02', '2022-06-01', '연구 진행상황 업데이트');
INSERT INTO 일정(일정번호, 직원번호, 시작일자, 종료일자, 일정내용) VALUES (7621882158, 25693, '2022-01-28', '2024-03-15', '코드 리뷰 세션');
INSERT INTO 일정(일정번호, 직원번호, 시작일자, 종료일자, 일정내용) VALUES (8414893999, 41625, '2022-01-18', '2022-10-31', '개발 스프린트 데모');
INSERT INTO 일정(일정번호, 직원번호, 시작일자, 종료일자, 일정내용) VALUES (7336964097, 14657, '2022-07-02', '2024-02-29', '휴가');
INSERT INTO 일정(일정번호, 직원번호, 시작일자, 종료일자, 일정내용) VALUES (8198108685, 52184, '2022-02-02', '2023-11-12', '임원 분기별 계획');
INSERT INTO 일정(일정번호, 직원번호, 시작일자, 종료일자, 일정내용) VALUES (2241474771, 47126, '2022-01-11', '2023-08-08', '개발 스프린트 데모');
INSERT INTO 일정(일정번호, 직원번호, 시작일자, 종료일자, 일정내용) VALUES (9712716512, 49835, '2023-03-13', '2023-11-21', '경영전략 검토');
INSERT INTO 일정(일정번호, 직원번호, 시작일자, 종료일자, 일정내용) VALUES (9712716512, 56321, '2022-11-15', '2023-08-20', '팀 회의');
INSERT INTO 일정(일정번호, 직원번호, 시작일자, 종료일자, 일정내용) VALUES (1127822366, 52947, '2022-05-16', '2022-07-02', '​​개발자를 위한 팀 회고전');
INSERT INTO 일정(일정번호, 직원번호, 시작일자, 종료일자, 일정내용) VALUES (7178180797, 49832, '2023-01-01', '2023-06-24', '팀회의');
INSERT INTO 일정(일정번호, 직원번호, 시작일자, 종료일자, 일정내용) VALUES (4070747639, 53871, '2022-11-15', '2023-08-24', '연구결과 발표');
INSERT INTO 일정(일정번호, 직원번호, 시작일자, 종료일자, 일정내용) VALUES (8787673346, 48532, '2023-06-24', '2024-01-05', '연구 진행상황 업데이트');
INSERT INTO 일정(일정번호, 직원번호, 시작일자, 종료일자, 일정내용) VALUES (2418243685, 36571, '2023-09-11', '2023-09-23', '연구 데이터 분석');
INSERT INTO 일정(일정번호, 직원번호, 시작일자, 종료일자, 일정내용) VALUES (9203243978, 56921, '2023-02-01', '2024-01-29', '임원경과보고서');
INSERT INTO 일정(일정번호, 직원번호, 시작일자, 종료일자, 일정내용) VALUES (5628452917, 51834, '2022-06-13', '2022-06-22', '집행예산 검토');
INSERT INTO 일정(일정번호, 직원번호, 시작일자, 종료일자, 일정내용) VALUES (5300842138, 21573, '2022-07-02', '2023-02-01', '연구결과 발표');
INSERT INTO 일정(일정번호, 직원번호, 시작일자, 종료일자, 일정내용) VALUES (3526656845, 15748, '2022-05-29', '2022-06-29', '경영진 구성 활동');
INSERT INTO 일정(일정번호, 직원번호, 시작일자, 종료일자, 일정내용) VALUES (1701205539, 34768, '2023-08-05', '2023-10-17', '임원진행보고서');
INSERT INTO 일정(일정번호, 직원번호, 시작일자, 종료일자, 일정내용) VALUES (7524850486, 52136, '2022-03-14', '2023-03-13', '개발자를 위한 스프린트 계획');
INSERT INTO 일정(일정번호, 직원번호, 시작일자, 종료일자, 일정내용) VALUES (8414893999, 24635, '2023-01-31', '2023-05-04', '코드 리뷰 세션');
INSERT INTO 일정(일정번호, 직원번호, 시작일자, 종료일자, 일정내용) VALUES (2031528777, 27135, '2022-09-09', '2023-12-08', '휴가');
INSERT INTO 일정(일정번호, 직원번호, 시작일자, 종료일자, 일정내용) VALUES (1417737431, 41835, '2022-12-28', '2023-11-27', '개발 스프린트 데모');
INSERT INTO 일정(일정번호, 직원번호, 시작일자, 종료일자, 일정내용) VALUES (8149879697, 53124, '2022-05-05', '2023-05-23', '육아휴직');
INSERT INTO 일정(일정번호, 직원번호, 시작일자, 종료일자, 일정내용) VALUES (2560739541, 25693, '2023-07-14', '2023-12-18', '경영진 구성 활동');
INSERT INTO 일정(일정번호, 직원번호, 시작일자, 종료일자, 일정내용) VALUES (8787673346, 37241, '2022-06-01', '2022-11-23', '개발 스프린트 데모');
INSERT INTO 일정(일정번호, 직원번호, 시작일자, 종료일자, 일정내용) VALUES (8099549600, 48532, '2022-01-08', '2022-11-12', '마케팅 캠페인 시작');
INSERT INTO 일정(일정번호, 직원번호, 시작일자, 종료일자, 일정내용) VALUES (4997099218, 56142, '2022-08-16', '2023-08-20', '코드 리뷰 세션');
INSERT INTO 일정(일정번호, 직원번호, 시작일자, 종료일자, 일정내용) VALUES (2991005006, 56142, '2023-02-11', '2023-08-12', '코드 리뷰 세션');
INSERT INTO 일정(일정번호, 직원번호, 시작일자, 종료일자, 일정내용) VALUES (1002990797, 41379, '2023-09-05', '2024-02-22', '경영진 구성 활동');
INSERT INTO 일정(일정번호, 직원번호, 시작일자, 종료일자, 일정내용) VALUES (3302489118, 47851, '2022-08-29', '2022-12-23', '임원진행보고서');
INSERT INTO 일정(일정번호, 직원번호, 시작일자, 종료일자, 일정내용) VALUES (2059473774, 34681, '2023-08-12', '2024-01-16', '개발자를 위한 스프린트 계획');
INSERT INTO 일정(일정번호, 직원번호, 시작일자, 종료일자, 일정내용) VALUES (8198108685, 46587, '2022-03-12', '2024-01-19', '개발자를 위한 기술 공유 세션');
INSERT INTO 일정(일정번호, 직원번호, 시작일자, 종료일자, 일정내용) VALUES (1002990797, 53421, '2022-10-27', '2023-11-09', '개발자 교육 세션');
INSERT INTO 일정(일정번호, 직원번호, 시작일자, 종료일자, 일정내용) VALUES (7663321546, 42759, '2022-08-29', '2024-01-02', '코드 리뷰 세션');
INSERT INTO 일정(일정번호, 직원번호, 시작일자, 종료일자, 일정내용) VALUES (9083015927, 51293, '2022-07-10', '2023-05-28', '임원경과보고서');
INSERT INTO 일정(일정번호, 직원번호, 시작일자, 종료일자, 일정내용) VALUES (9203243978, 52731, '2022-06-01', '2024-02-14', '소셜미디어 콘텐츠 제작');
INSERT INTO 일정(일정번호, 직원번호, 시작일자, 종료일자, 일정내용) VALUES (6210190623, 15947, '2022-07-05', '2023-12-18', '마케팅 캠페인 시작');
INSERT INTO 일정(일정번호, 직원번호, 시작일자, 종료일자, 일정내용) VALUES (1156907912, 50814, '2022-07-15', '2023-05-31', '개발자를 위한 기술 공유 세션');
INSERT INTO 일정(일정번호, 직원번호, 시작일자, 종료일자, 일정내용) VALUES (4918750769, 51487, '2023-01-15', '2024-01-19', '경영전략 검토');
INSERT INTO 일정(일정번호, 직원번호, 시작일자, 종료일자, 일정내용) VALUES (1765074479, 34768, '2023-09-11', '2023-09-13', '개발자를 위한 클라이언트 미팅');
INSERT INTO 일정(일정번호, 직원번호, 시작일자, 종료일자, 일정내용) VALUES (2785682816, 53472, '2022-09-09', '2022-09-12', '개발자를 위한 클라이언트 미팅');
INSERT INTO 일정(일정번호, 직원번호, 시작일자, 종료일자, 일정내용) VALUES (5808220172, 17345, '2022-07-01', '2023-05-26', '경영진 구성 활동');
INSERT INTO 일정(일정번호, 직원번호, 시작일자, 종료일자, 일정내용) VALUES (9925417298, 21486, '2023-03-23', '2023-11-01', '연구자료 분석');
INSERT INTO 일정(일정번호, 직원번호, 시작일자, 종료일자, 일정내용) VALUES (3713273547, 52947, '2022-08-11', '2023-01-26', '연구 데이터 분석');
INSERT INTO 일정(일정번호, 직원번호, 시작일자, 종료일자, 일정내용) VALUES (5108887469, 21486, '2022-05-01', '2023-11-09', '개발자를 위한 기술 공유 세션');
INSERT INTO 일정(일정번호, 직원번호, 시작일자, 종료일자, 일정내용) VALUES (8099549600, 56321, '2022-11-10', '2022-11-12', '​​개발자를 위한 팀 회고전');
INSERT INTO 일정(일정번호, 직원번호, 시작일자, 종료일자, 일정내용) VALUES (4315134980, 51293, '2022-01-08', '2022-11-29', '출산휴직');
INSERT INTO 일정(일정번호, 직원번호, 시작일자, 종료일자, 일정내용) VALUES (1127822366, 53924, '2023-05-04', '2023-06-19', '개발자 교육 세션');
INSERT INTO 일정(일정번호, 직원번호, 시작일자, 종료일자, 일정내용) VALUES (7535822631, 49173, '2022-03-12', '2022-11-24', '마케팅 분석 검토');
INSERT INTO 일정(일정번호, 직원번호, 시작일자, 종료일자, 일정내용) VALUES (8220728084, 25684, '2022-06-01', '2022-06-25', '개발자를 위한 클라이언트 미팅');
INSERT INTO 일정(일정번호, 직원번호, 시작일자, 종료일자, 일정내용) VALUES (3965191032, 34681, '2023-08-08', '2023-09-28', '마케팅을 위한 콘텐츠 전략 회의');
INSERT INTO 일정(일정번호, 직원번호, 시작일자, 종료일자, 일정내용) VALUES (9712716512, 41856, '2022-07-02', '2023-04-08', '연구결과 발표');
INSERT INTO 일정(일정번호, 직원번호, 시작일자, 종료일자, 일정내용) VALUES (4070747639, 47851, '2023-07-14', '2023-08-21', '마케팅 캠페인 시작');
INSERT INTO 일정(일정번호, 직원번호, 시작일자, 종료일자, 일정내용) VALUES (9712716512, 42759, '2023-04-22', '2023-12-08', '개발자를 위한 스프린트 계획');
INSERT INTO 일정(일정번호, 직원번호, 시작일자, 종료일자, 일정내용) VALUES (1975898859, 43276, '2022-11-22', '2023-11-21', '개발자를 위한 클라이언트 미팅');
INSERT INTO 일정(일정번호, 직원번호, 시작일자, 종료일자, 일정내용) VALUES (8263557835, 49835, '2023-03-07', '2023-04-22', '개발 스프린트 데모');
INSERT INTO 일정(일정번호, 직원번호, 시작일자, 종료일자, 일정내용) VALUES (7267915903, 14657, '2022-08-11', '2023-04-19', '개발자를 위한 클라이언트 미팅');
INSERT INTO 일정(일정번호, 직원번호, 시작일자, 종료일자, 일정내용) VALUES (6954094839, 52184, '2022-06-25', '2024-02-10', '소셜미디어 콘텐츠 제작');
INSERT INTO 일정(일정번호, 직원번호, 시작일자, 종료일자, 일정내용) VALUES (8263557835, 36571, '2022-03-02', '2024-01-02', '주간 마무리 회의');
INSERT INTO 일정(일정번호, 직원번호, 시작일자, 종료일자, 일정내용) VALUES (3655117356, 49378, '2022-07-10', '2023-05-28', '연구문헌 검토');
INSERT INTO 일정(일정번호, 직원번호, 시작일자, 종료일자, 일정내용) VALUES (2560739541, 43276, '2022-06-25', '2022-12-01', '코드 리뷰 세션');
INSERT INTO 일정(일정번호, 직원번호, 시작일자, 종료일자, 일정내용) VALUES (8099549600, 52136, '2022-07-31', '2023-02-21', '​​개발자를 위한 팀 회고전');
INSERT INTO 일정(일정번호, 직원번호, 시작일자, 종료일자, 일정내용) VALUES (8658086836, 51379, '2022-01-19', '2023-08-24', '프로젝트 현황 업데이트');
INSERT INTO 일정(일정번호, 직원번호, 시작일자, 종료일자, 일정내용) VALUES (1701205539, 51247, '2022-09-12', '2023-01-26', '프로젝트 현황 업데이트');
INSERT INTO 일정(일정번호, 직원번호, 시작일자, 종료일자, 일정내용) VALUES (7178180797, 21486, '2023-01-03', '2024-01-29', '연구결과 발표');
INSERT INTO 일정(일정번호, 직원번호, 시작일자, 종료일자, 일정내용) VALUES (9158731511, 42759, '2022-09-12', '2023-04-26', '연구자료 분석');
INSERT INTO 일정(일정번호, 직원번호, 시작일자, 종료일자, 일정내용) VALUES (2144533474, 53871, '2022-03-14', '2023-02-10', '휴가');
INSERT INTO 일정(일정번호, 직원번호, 시작일자, 종료일자, 일정내용) VALUES (1660665196, 53871, '2024-02-28', '2024-03-20', '소셜미디어 콘텐츠 제작');
INSERT INTO 일정(일정번호, 직원번호, 시작일자, 종료일자, 일정내용) VALUES (9731000083, 42981, '2023-06-14', '2024-02-28', '연구결과 발표');
INSERT INTO 일정(일정번호, 직원번호, 시작일자, 종료일자, 일정내용) VALUES (1604857702, 48136, '2023-12-04', '2024-01-01', '연구문헌 검토');
INSERT INTO 일정(일정번호, 직원번호, 시작일자, 종료일자, 일정내용) VALUES (3703977790, 42761, '2022-05-01', '2024-02-05', '연구 데이터 분석');
INSERT INTO 일정(일정번호, 직원번호, 시작일자, 종료일자, 일정내용) VALUES (8099549600, 23654, '2023-04-26', '2024-01-01', '마케팅 분석 검토');
INSERT INTO 일정(일정번호, 직원번호, 시작일자, 종료일자, 일정내용) VALUES (7857440325, 34681, '2023-03-13', '2023-09-01', '개발 스프린트 데모');
INSERT INTO 일정(일정번호, 직원번호, 시작일자, 종료일자, 일정내용) VALUES (3302489118, 49835, '2023-08-15', '2024-01-19', '출산휴직');
INSERT INTO 일정(일정번호, 직원번호, 시작일자, 종료일자, 일정내용) VALUES (7524850486, 52947, '2023-11-12', '2024-01-06', '경영전략 검토');
INSERT INTO 일정(일정번호, 직원번호, 시작일자, 종료일자, 일정내용) VALUES (7193577157, 47851, '2022-01-18', '2024-02-14', '연구 진행상황 업데이트');
INSERT INTO 일정(일정번호, 직원번호, 시작일자, 종료일자, 일정내용) VALUES (4225803574, 46732, '2022-04-21', '2023-05-26', '연구문헌 검토');
INSERT INTO 일정(일정번호, 직원번호, 시작일자, 종료일자, 일정내용) VALUES (9559969982, 49728, '2022-09-12', '2022-12-12', '임원경과보고서');
INSERT INTO 일정(일정번호, 직원번호, 시작일자, 종료일자, 일정내용) VALUES (4832416943, 49173, '2022-10-27', '2023-02-14', '개발자 교육 세션');
INSERT INTO 일정(일정번호, 직원번호, 시작일자, 종료일자, 일정내용) VALUES (1950119864, 42981, '2022-11-14', '2022-11-29', '팀회의');
INSERT INTO 일정(일정번호, 직원번호, 시작일자, 종료일자, 일정내용) VALUES (9083015927, 52436, '2022-04-19', '2022-07-16', '경영전략 검토');
INSERT INTO 일정(일정번호, 직원번호, 시작일자, 종료일자, 일정내용) VALUES (2622273626, 48136, '2022-07-29', '2023-03-23', '개발자를 위한 팀 회고전');
INSERT INTO 일정(일정번호, 직원번호, 시작일자, 종료일자, 일정내용) VALUES (4199676961, 53621, '2022-04-13', '2022-05-06', '임원 분기별 계획');
INSERT INTO 일정(일정번호, 직원번호, 시작일자, 종료일자, 일정내용) VALUES (6210190623, 23517, '2022-07-03', '2023-11-23', '휴가');
INSERT INTO 일정(일정번호, 직원번호, 시작일자, 종료일자, 일정내용) VALUES (5159684448, 23654, '2022-12-01', '2023-03-07', '소셜미디어 콘텐츠 제작');
INSERT INTO 일정(일정번호, 직원번호, 시작일자, 종료일자, 일정내용) VALUES (8198108685, 53621, '2022-05-01', '2023-11-09', '임원경과보고서');
INSERT INTO 일정(일정번호, 직원번호, 시작일자, 종료일자, 일정내용) VALUES (1621946171, 53842, '2022-02-05', '2022-11-30', '마케팅을 위한 콘텐츠 전략 회의');
INSERT INTO 일정(일정번호, 직원번호, 시작일자, 종료일자, 일정내용) VALUES (6918338092, 52436, '2022-12-12', '2023-02-21', '개발자를 위한 기술 공유 세션');
INSERT INTO 일정(일정번호, 직원번호, 시작일자, 종료일자, 일정내용) VALUES (3144756319, 49827, '2023-04-18', '2023-05-21', '개발자를 위한 팀 회고전');
INSERT INTO 일정(일정번호, 직원번호, 시작일자, 종료일자, 일정내용) VALUES (7193577157, 34127, '2022-12-28', '2023-03-13', '개발 스프린트 데모');
INSERT INTO 일정(일정번호, 직원번호, 시작일자, 종료일자, 일정내용) VALUES (9544155928, 17345, '2024-01-02', '2024-02-05', '프로젝트 현황 업데이트');
INSERT INTO 일정(일정번호, 직원번호, 시작일자, 종료일자, 일정내용) VALUES (7857440325, 53146, '2022-06-13', '2024-01-27', '집행예산 검토');
INSERT INTO 일정(일정번호, 직원번호, 시작일자, 종료일자, 일정내용) VALUES (4315134980, 49835, '2022-06-13', '2023-11-21', '코드 리뷰 세션');
INSERT INTO 일정(일정번호, 직원번호, 시작일자, 종료일자, 일정내용) VALUES (7162084798, 53871, '2022-07-05', '2022-10-31', '경영전략 검토');
INSERT INTO 일정(일정번호, 직원번호, 시작일자, 종료일자, 일정내용) VALUES (2162022329, 52198, '2024-01-01', '2024-02-22', '주간 마무리 회의');
INSERT INTO 일정(일정번호, 직원번호, 시작일자, 종료일자, 일정내용) VALUES (7186536952, 41856, '2023-01-03', '2023-08-15', '연구결과 발표');
INSERT INTO 일정(일정번호, 직원번호, 시작일자, 종료일자, 일정내용) VALUES (7162084798, 47851, '2022-07-31', '2024-03-20', '경영진 구성 활동');
INSERT INTO 일정(일정번호, 직원번호, 시작일자, 종료일자, 일정내용) VALUES (4832416943, 46137, '2022-01-28', '2022-11-14', '경영전략 검토');
INSERT INTO 일정(일정번호, 직원번호, 시작일자, 종료일자, 일정내용) VALUES (2284161534, 49215, '2022-08-16', '2024-02-22', '개발자를 위한 기술 공유 세션');
INSERT INTO 일정(일정번호, 직원번호, 시작일자, 종료일자, 일정내용) VALUES (6976515285, 52417, '2022-05-05', '2023-03-18', '경영진 구성 활동');
INSERT INTO 일정(일정번호, 직원번호, 시작일자, 종료일자, 일정내용) VALUES (7195506616, 34768, '2022-02-02', '2022-05-01', '개발자 교육 세션');
INSERT INTO 일정(일정번호, 직원번호, 시작일자, 종료일자, 일정내용) VALUES (5767159657, 53621, '2023-06-24', '2024-02-10', '코드 리뷰 세션');
INSERT INTO 일정(일정번호, 직원번호, 시작일자, 종료일자, 일정내용) VALUES (9925417298, 39248, '2022-02-25', '2023-12-25', '연구결과 발표');
INSERT INTO 일정(일정번호, 직원번호, 시작일자, 종료일자, 일정내용) VALUES (4064285226, 15382, '2022-07-15', '2023-11-13', '임원경과보고서');
INSERT INTO 일정(일정번호, 직원번호, 시작일자, 종료일자, 일정내용) VALUES (3655117356, 23961, '2022-07-29', '2023-11-12', '연구문헌 검토');
INSERT INTO 일정(일정번호, 직원번호, 시작일자, 종료일자, 일정내용) VALUES (4064285226, 52184, '2023-01-31', '2023-07-18', '연구실험 기획');
INSERT INTO 일정(일정번호, 직원번호, 시작일자, 종료일자, 일정내용) VALUES (5625748334, 48256, '2022-03-02', '2023-06-14', '마케팅을 위한 콘텐츠 전략 회의');
INSERT INTO 일정(일정번호, 직원번호, 시작일자, 종료일자, 일정내용) VALUES (2123921152, 46137, '2023-11-23', '2024-03-15', '코드 리뷰 세션');
INSERT INTO 일정(일정번호, 직원번호, 시작일자, 종료일자, 일정내용) VALUES (2031528777, 48256, '2022-08-05', '2023-05-21', '연구실험 기획');
INSERT INTO 일정(일정번호, 직원번호, 시작일자, 종료일자, 일정내용) VALUES (9095315265, 41379, '2022-02-05', '2022-09-12', '임원진행보고서');
INSERT INTO 일정(일정번호, 직원번호, 시작일자, 종료일자, 일정내용) VALUES (6359784736, 41856, '2023-08-24', '2024-03-10', '팀 회의');
INSERT INTO 일정(일정번호, 직원번호, 시작일자, 종료일자, 일정내용) VALUES (6066463884, 52417, '2022-10-31', '2023-04-22', '경영전략 검토');
INSERT INTO 일정(일정번호, 직원번호, 시작일자, 종료일자, 일정내용) VALUES (4852635877, 46985, '2022-11-24', '2022-12-01', '코드 리뷰 세션');
INSERT INTO 일정(일정번호, 직원번호, 시작일자, 종료일자, 일정내용) VALUES (1156907912, 45723, '2022-11-24', '2023-11-09', '연구문헌 검토');
INSERT INTO 일정(일정번호, 직원번호, 시작일자, 종료일자, 일정내용) VALUES (3277360212, 21573, '2023-09-28', '2024-02-22', '​​개발자를 위한 팀 회고전');
INSERT INTO 일정(일정번호, 직원번호, 시작일자, 종료일자, 일정내용) VALUES (3443109676, 42981, '2022-08-16', '2023-08-15', '집행예산 검토');
INSERT INTO 일정(일정번호, 직원번호, 시작일자, 종료일자, 일정내용) VALUES (1417737431, 21573, '2022-02-28', '2022-05-08', '마케팅 캠페인 시작');
INSERT INTO 일정(일정번호, 직원번호, 시작일자, 종료일자, 일정내용) VALUES (8691902191, 49827, '2023-08-31', '2024-01-14', '​​개발자를 위한 팀 회고전');
INSERT INTO 일정(일정번호, 직원번호, 시작일자, 종료일자, 일정내용) VALUES (3663283420, 21486, '2022-04-19', '2023-08-12', '주간 마무리 회의');
INSERT INTO 일정(일정번호, 직원번호, 시작일자, 종료일자, 일정내용) VALUES (9589588375, 51834, '2023-06-14', '2024-01-06', '경영진 분기별 계획');
INSERT INTO 일정(일정번호, 직원번호, 시작일자, 종료일자, 일정내용) VALUES (2123921152, 35127, '2022-02-05', '2024-01-06', '개발자를 위한 기술 공유 세션');
INSERT INTO 일정(일정번호, 직원번호, 시작일자, 종료일자, 일정내용) VALUES (4832416943, 48136, '2023-03-13', '2023-05-13', '팀 회의');
INSERT INTO 일정(일정번호, 직원번호, 시작일자, 종료일자, 일정내용) VALUES (5713173129, 39248, '2023-01-03', '2024-02-25', '경영전략 검토');
INSERT INTO 일정(일정번호, 직원번호, 시작일자, 종료일자, 일정내용) VALUES (9084345895, 38754, '2022-07-27', '2024-01-05', '휴가');
INSERT INTO 일정(일정번호, 직원번호, 시작일자, 종료일자, 일정내용) VALUES (2424540245, 51432, '2022-05-05', '2023-11-13', '집행예산 검토');
INSERT INTO 일정(일정번호, 직원번호, 시작일자, 종료일자, 일정내용) VALUES (6507169564, 50328, '2022-01-15', '2022-06-26', '개발자를 위한 스프린트 계획');
INSERT INTO 일정(일정번호, 직원번호, 시작일자, 종료일자, 일정내용) VALUES (1565193914, 17345, '2022-05-27', '2023-10-26', '휴가');
INSERT INTO 일정(일정번호, 직원번호, 시작일자, 종료일자, 일정내용) VALUES (3789445338, 50328, '2022-10-31', '2023-11-21', '개발 스프린트 데모');
INSERT INTO 일정(일정번호, 직원번호, 시작일자, 종료일자, 일정내용) VALUES (2987361500, 49827, '2022-05-01', '2023-11-13', '개발자 교육 세션');
INSERT INTO 일정(일정번호, 직원번호, 시작일자, 종료일자, 일정내용) VALUES (1604857702, 52147, '2022-08-05', '2024-01-02', '연구 진행상황 업데이트');
INSERT INTO 일정(일정번호, 직원번호, 시작일자, 종료일자, 일정내용) VALUES (4246009703, 51432, '2024-01-05', '2024-01-16', '연구문헌 검토');
INSERT INTO 일정(일정번호, 직원번호, 시작일자, 종료일자, 일정내용) VALUES (5922804041, 37241, '2022-03-02', '2022-11-15', '집행예산 검토');
INSERT INTO 일정(일정번호, 직원번호, 시작일자, 종료일자, 일정내용) VALUES (1339121980, 27135, '2023-05-23', '2023-11-05', '팀회의');
INSERT INTO 일정(일정번호, 직원번호, 시작일자, 종료일자, 일정내용) VALUES (6879161846, 35682, '2022-11-24', '2023-02-10', '코드 리뷰 세션');


INSERT INTO 교육훈련(교육훈련번호, 직원번호, 교육훈련유형, 교육훈련일자, 교육훈련내용) VALUES (63567, 51374, '온보딩 교육', '2023-04-14', '신입사원에게 회사의 문화,  정책,  절차를 소개');
INSERT INTO 교육훈련(교육훈련번호, 직원번호, 교육훈련유형, 교육훈련일자, 교육훈련내용) VALUES (97639, 46587, '기술 개발 훈련', '2023-04-15', '직무와 관련된 특정 기술을 향상시키기 위한 교육을 제공');
INSERT INTO 교육훈련(교육훈련번호, 직원번호, 교육훈련유형, 교육훈련일자, 교육훈련내용) VALUES (92276, 46985, '규정 준수 및 규제 교육', '2023-01-26', '직원이 업계 규정 및 회사 정책을 이해하고 준수하도록 보장');
INSERT INTO 교육훈련(교육훈련번호, 직원번호, 교육훈련유형, 교육훈련일자, 교육훈련내용) VALUES (69562, 46137, '리더십 개발 프로그램', '2022-01-16', '리더십 잠재력을 보이는 직원을 위한 교육 프로그램');
INSERT INTO 교육훈련(교육훈련번호, 직원번호, 교육훈련유형, 교육훈련일자, 교육훈련내용) VALUES (90232, 53871, '다양성 및 포용성 교육', '2022-04-27', '직장 내 다양성과 포용성을 장려');
INSERT INTO 교육훈련(교육훈련번호, 직원번호, 교육훈련유형, 교육훈련일자, 교육훈련내용) VALUES (78330, 53146, '고객 서비스 교육', '2022-01-02', '고객 상호 작용 및 만족과 관련된 기술을 향상');
INSERT INTO 교육훈련(교육훈련번호, 직원번호, 교육훈련유형, 교육훈련일자, 교육훈련내용) VALUES (53097, 56321, '기술 및 소프트웨어 교육', '2023-01-11', '자신의 역할과 관련된 새로운 기술 및 소프트웨어에 대한 최신 정보를 유지');
INSERT INTO 교육훈련(교육훈련번호, 직원번호, 교육훈련유형, 교육훈련일자, 교육훈련내용) VALUES (97651, 25693, '안전 교육', '2023-07-13', '안전 수칙을 인지하고 준수하도록 보장');
INSERT INTO 교육훈련(교육훈련번호, 직원번호, 교육훈련유형, 교육훈련일자, 교육훈련내용) VALUES (26405, 49827, '영업 및 제품 교육', '2023-09-13', '영업팀에 제품 지식과 효과적인 판매 기술을 제공');
INSERT INTO 교육훈련(교육훈련번호, 직원번호, 교육훈련유형, 교육훈련일자, 교육훈련내용) VALUES (30961, 52436, '전문 개발 프로그램', '2022-02-14', '멘토링,  워크숍,  교육 기회를 통해 직원의 경력 성장을 지원');
INSERT INTO 교육훈련(교육훈련번호, 직원번호, 교육훈련유형, 교육훈련일자, 교육훈련내용) VALUES (57643, 53472, '원격 근무 교육', '2022-04-05', '기술 사용 및 시간 관리를 포함하여 원격 근무를 위한 기술 및 전략을 제공');
INSERT INTO 교육훈련(교육훈련번호, 직원번호, 교육훈련유형, 교육훈련일자, 교육훈련내용) VALUES (51317, 52137, '지속적인 학습 프로그램', '2023-08-03', '새로운 기술을 습득할 수 있도록 지원하는 지속적인 학습 문화를 장려');
INSERT INTO 교육훈련(교육훈련번호, 직원번호, 교육훈련유형, 교육훈련일자, 교육훈련내용) VALUES (19847, 56142, '온보딩 교육', '2023-05-05', '신입사원에게 회사의 문화,  정책,  절차를 소개');
INSERT INTO 교육훈련(교육훈련번호, 직원번호, 교육훈련유형, 교육훈련일자, 교육훈련내용) VALUES (22180, 15947, '기술 개발 훈련', '2023-06-17', '직무와 관련된 특정 기술을 향상시키기 위한 교육을 제공');
INSERT INTO 교육훈련(교육훈련번호, 직원번호, 교육훈련유형, 교육훈련일자, 교육훈련내용) VALUES (23681, 49832, '규정 준수 및 규제 교육', '2023-04-28', '직원이 업계 규정 및 회사 정책을 이해하고 준수하도록 보장');
INSERT INTO 교육훈련(교육훈련번호, 직원번호, 교육훈련유형, 교육훈련일자, 교육훈련내용) VALUES (25459, 48136, '리더십 개발 프로그램', '2022-04-08', '리더십 잠재력을 보이는 직원을 위한 교육 프로그램');
INSERT INTO 교육훈련(교육훈련번호, 직원번호, 교육훈련유형, 교육훈련일자, 교육훈련내용) VALUES (48300, 42761, '다양성 및 포용성 교육', '2023-09-13', '직장 내 다양성과 포용성을 장려');
INSERT INTO 교육훈련(교육훈련번호, 직원번호, 교육훈련유형, 교육훈련일자, 교육훈련내용) VALUES (84158, 52184, '고객 서비스 교육', '2022-09-26', '고객 상호 작용 및 만족과 관련된 기술을 향상');
INSERT INTO 교육훈련(교육훈련번호, 직원번호, 교육훈련유형, 교육훈련일자, 교육훈련내용) VALUES (66215, 51374, '기술 및 소프트웨어 교육', '2022-10-19', '자신의 역할과 관련된 새로운 기술 및 소프트웨어에 대한 최신 정보를 유지');
INSERT INTO 교육훈련(교육훈련번호, 직원번호, 교육훈련유형, 교육훈련일자, 교육훈련내용) VALUES (22836, 34768, '안전 교육', '2023-08-06', '안전 수칙을 인지하고 준수하도록 보장');
INSERT INTO 교육훈련(교육훈련번호, 직원번호, 교육훈련유형, 교육훈련일자, 교육훈련내용) VALUES (47141, 49215, '영업 및 제품 교육', '2023-09-20', '영업팀에 제품 지식과 효과적인 판매 기술을 제공');
INSERT INTO 교육훈련(교육훈련번호, 직원번호, 교육훈련유형, 교육훈련일자, 교육훈련내용) VALUES (39087, 21573, '전문 개발 프로그램', '2023-06-17', '멘토링,  워크숍,  교육 기회를 통해 직원의 경력 성장을 지원');
INSERT INTO 교육훈련(교육훈련번호, 직원번호, 교육훈련유형, 교육훈련일자, 교육훈련내용) VALUES (68579, 34127, '원격 근무 교육', '2022-05-30', '기술 사용 및 시간 관리를 포함하여 원격 근무를 위한 기술 및 전략을 제공');
INSERT INTO 교육훈련(교육훈련번호, 직원번호, 교육훈련유형, 교육훈련일자, 교육훈련내용) VALUES (50589, 28764, '지속적인 학습 프로그램', '2022-12-18', '새로운 기술을 습득할 수 있도록 지원하는 지속적인 학습 문화를 장려');
INSERT INTO 교육훈련(교육훈련번호, 직원번호, 교육훈련유형, 교육훈련일자, 교육훈련내용) VALUES (36741, 53842, '온보딩 교육', '2022-09-15', '신입사원에게 회사의 문화,  정책,  절차를 소개');
INSERT INTO 교육훈련(교육훈련번호, 직원번호, 교육훈련유형, 교육훈련일자, 교육훈련내용) VALUES (99315, 15382, '기술 개발 훈련', '2023-01-26', '직무와 관련된 특정 기술을 향상시키기 위한 교육을 제공');
INSERT INTO 교육훈련(교육훈련번호, 직원번호, 교육훈련유형, 교육훈련일자, 교육훈련내용) VALUES (77108, 35127, '규정 준수 및 규제 교육', '2022-10-11', '직원이 업계 규정 및 회사 정책을 이해하고 준수하도록 보장');
INSERT INTO 교육훈련(교육훈련번호, 직원번호, 교육훈련유형, 교육훈련일자, 교육훈련내용) VALUES (42079, 18754, '리더십 개발 프로그램', '2022-02-14', '리더십 잠재력을 보이는 직원을 위한 교육 프로그램');
INSERT INTO 교육훈련(교육훈련번호, 직원번호, 교육훈련유형, 교육훈련일자, 교육훈련내용) VALUES (30462, 18754, '다양성 및 포용성 교육', '2022-09-01', '직장 내 다양성과 포용성을 장려');
INSERT INTO 교육훈련(교육훈련번호, 직원번호, 교육훈련유형, 교육훈련일자, 교육훈련내용) VALUES (90644, 52174, '고객 서비스 교육', '2023-05-03', '고객 상호 작용 및 만족과 관련된 기술을 향상');
INSERT INTO 교육훈련(교육훈련번호, 직원번호, 교육훈련유형, 교육훈련일자, 교육훈련내용) VALUES (73440, 42935, '기술 및 소프트웨어 교육', '2022-04-28', '자신의 역할과 관련된 새로운 기술 및 소프트웨어에 대한 최신 정보를 유지');
INSERT INTO 교육훈련(교육훈련번호, 직원번호, 교육훈련유형, 교육훈련일자, 교육훈련내용) VALUES (53727, 52947, '안전 교육', '2023-01-11', '안전 수칙을 인지하고 준수하도록 보장');
INSERT INTO 교육훈련(교육훈련번호, 직원번호, 교육훈련유형, 교육훈련일자, 교육훈련내용) VALUES (95078, 56921, '영업 및 제품 교육', '2023-02-22', '영업팀에 제품 지식과 효과적인 판매 기술을 제공');
INSERT INTO 교육훈련(교육훈련번호, 직원번호, 교육훈련유형, 교육훈련일자, 교육훈련내용) VALUES (44769, 49378, '전문 개발 프로그램', '2022-04-12', '멘토링,  워크숍,  교육 기회를 통해 직원의 경력 성장을 지원');
INSERT INTO 교육훈련(교육훈련번호, 직원번호, 교육훈련유형, 교육훈련일자, 교육훈련내용) VALUES (27935, 50974, '원격 근무 교육', '2022-07-11', '기술 사용 및 시간 관리를 포함하여 원격 근무를 위한 기술 및 전략을 제공');
INSERT INTO 교육훈련(교육훈련번호, 직원번호, 교육훈련유형, 교육훈련일자, 교육훈련내용) VALUES (14927, 41856, '지속적인 학습 프로그램', '2022-09-10', '새로운 기술을 습득할 수 있도록 지원하는 지속적인 학습 문화를 장려');
INSERT INTO 교육훈련(교육훈련번호, 직원번호, 교육훈련유형, 교육훈련일자, 교육훈련내용) VALUES (29952, 42981, '온보딩 교육', '2023-07-19', '신입사원에게 회사의 문화,  정책,  절차를 소개');
INSERT INTO 교육훈련(교육훈련번호, 직원번호, 교육훈련유형, 교육훈련일자, 교육훈련내용) VALUES (82864, 46137, '기술 개발 훈련', '2023-06-28', '직무와 관련된 특정 기술을 향상시키기 위한 교육을 제공');
INSERT INTO 교육훈련(교육훈련번호, 직원번호, 교육훈련유형, 교육훈련일자, 교육훈련내용) VALUES (30296, 53642, '규정 준수 및 규제 교육', '2023-09-13', '직원이 업계 규정 및 회사 정책을 이해하고 준수하도록 보장');
INSERT INTO 교육훈련(교육훈련번호, 직원번호, 교육훈련유형, 교육훈련일자, 교육훈련내용) VALUES (21729, 51247, '리더십 개발 프로그램', '2023-04-15', '리더십 잠재력을 보이는 직원을 위한 교육 프로그램');
INSERT INTO 교육훈련(교육훈련번호, 직원번호, 교육훈련유형, 교육훈련일자, 교육훈련내용) VALUES (26120, 17854, '다양성 및 포용성 교육', '2022-05-02', '직장 내 다양성과 포용성을 장려');
INSERT INTO 교육훈련(교육훈련번호, 직원번호, 교육훈련유형, 교육훈련일자, 교육훈련내용) VALUES (58300, 51247, '고객 서비스 교육', '2023-03-23', '고객 상호 작용 및 만족과 관련된 기술을 향상');
INSERT INTO 교육훈련(교육훈련번호, 직원번호, 교육훈련유형, 교육훈련일자, 교육훈련내용) VALUES (76813, 53124, '기술 및 소프트웨어 교육', '2022-04-29', '자신의 역할과 관련된 새로운 기술 및 소프트웨어에 대한 최신 정보를 유지');
INSERT INTO 교육훈련(교육훈련번호, 직원번호, 교육훈련유형, 교육훈련일자, 교육훈련내용) VALUES (52636, 38754, '안전 교육', '2022-07-20', '안전 수칙을 인지하고 준수하도록 보장');
INSERT INTO 교육훈련(교육훈련번호, 직원번호, 교육훈련유형, 교육훈련일자, 교육훈련내용) VALUES (47136, 23517, '영업 및 제품 교육', '2022-11-29', '영업팀에 제품 지식과 효과적인 판매 기술을 제공');
INSERT INTO 교육훈련(교육훈련번호, 직원번호, 교육훈련유형, 교육훈련일자, 교육훈련내용) VALUES (58425, 47851, '전문 개발 프로그램', '2023-08-27', '멘토링,  워크숍,  교육 기회를 통해 직원의 경력 성장을 지원');
INSERT INTO 교육훈련(교육훈련번호, 직원번호, 교육훈련유형, 교육훈련일자, 교육훈련내용) VALUES (92150, 37241, '원격 근무 교육', '2022-05-02', '기술 사용 및 시간 관리를 포함하여 원격 근무를 위한 기술 및 전략을 제공');
INSERT INTO 교육훈련(교육훈련번호, 직원번호, 교육훈련유형, 교육훈련일자, 교육훈련내용) VALUES (10775, 47851, '지속적인 학습 프로그램', '2023-02-23', '새로운 기술을 습득할 수 있도록 지원하는 지속적인 학습 문화를 장려');
INSERT INTO 교육훈련(교육훈련번호, 직원번호, 교육훈련유형, 교육훈련일자, 교육훈련내용) VALUES (29385, 41835, '온보딩 교육', '2022-07-25', '신입사원에게 회사의 문화,  정책,  절차를 소개');
INSERT INTO 교육훈련(교육훈련번호, 직원번호, 교육훈련유형, 교육훈련일자, 교육훈련내용) VALUES (28019, 35682, '기술 개발 훈련', '2023-03-12', '직무와 관련된 특정 기술을 향상시키기 위한 교육을 제공');
INSERT INTO 교육훈련(교육훈련번호, 직원번호, 교육훈련유형, 교육훈련일자, 교육훈련내용) VALUES (52097, 53642, '규정 준수 및 규제 교육', '2022-04-08', '직원이 업계 규정 및 회사 정책을 이해하고 준수하도록 보장');
INSERT INTO 교육훈련(교육훈련번호, 직원번호, 교육훈련유형, 교육훈련일자, 교육훈련내용) VALUES (98710, 54732, '리더십 개발 프로그램', '2022-07-20', '리더십 잠재력을 보이는 직원을 위한 교육 프로그램');
INSERT INTO 교육훈련(교육훈련번호, 직원번호, 교육훈련유형, 교육훈련일자, 교육훈련내용) VALUES (20159, 52147, '다양성 및 포용성 교육', '2022-01-17', '직장 내 다양성과 포용성을 장려');
INSERT INTO 교육훈련(교육훈련번호, 직원번호, 교육훈련유형, 교육훈련일자, 교육훈련내용) VALUES (89909, 46128, '고객 서비스 교육', '2022-11-18', '고객 상호 작용 및 만족과 관련된 기술을 향상');
INSERT INTO 교육훈련(교육훈련번호, 직원번호, 교육훈련유형, 교육훈련일자, 교육훈련내용) VALUES (66436, 52731, '기술 및 소프트웨어 교육', '2023-09-28', '자신의 역할과 관련된 새로운 기술 및 소프트웨어에 대한 최신 정보를 유지');
INSERT INTO 교육훈련(교육훈련번호, 직원번호, 교육훈련유형, 교육훈련일자, 교육훈련내용) VALUES (79204, 49728, '안전 교육', '2022-05-12', '안전 수칙을 인지하고 준수하도록 보장');
INSERT INTO 교육훈련(교육훈련번호, 직원번호, 교육훈련유형, 교육훈련일자, 교육훈련내용) VALUES (77766, 15947, '영업 및 제품 교육', '2023-04-11', '영업팀에 제품 지식과 효과적인 판매 기술을 제공');
INSERT INTO 교육훈련(교육훈련번호, 직원번호, 교육훈련유형, 교육훈련일자, 교육훈련내용) VALUES (48812, 42761, '전문 개발 프로그램', '2023-08-07', '멘토링,  워크숍,  교육 기회를 통해 직원의 경력 성장을 지원');
INSERT INTO 교육훈련(교육훈련번호, 직원번호, 교육훈련유형, 교육훈련일자, 교육훈련내용) VALUES (59529, 39248, '원격 근무 교육', '2023-09-07', '기술 사용 및 시간 관리를 포함하여 원격 근무를 위한 기술 및 전략을 제공');
INSERT INTO 교육훈련(교육훈련번호, 직원번호, 교육훈련유형, 교육훈련일자, 교육훈련내용) VALUES (55453, 15748, '지속적인 학습 프로그램', '2022-04-27', '새로운 기술을 습득할 수 있도록 지원하는 지속적인 학습 문화를 장려');
INSERT INTO 교육훈련(교육훈련번호, 직원번호, 교육훈련유형, 교육훈련일자, 교육훈련내용) VALUES (73110, 36571, '온보딩 교육', '2022-12-18', '신입사원에게 회사의 문화,  정책,  절차를 소개');
INSERT INTO 교육훈련(교육훈련번호, 직원번호, 교육훈련유형, 교육훈련일자, 교육훈련내용) VALUES (69238, 51379, '기술 개발 훈련', '2022-05-29', '직무와 관련된 특정 기술을 향상시키기 위한 교육을 제공');
INSERT INTO 교육훈련(교육훈련번호, 직원번호, 교육훈련유형, 교육훈련일자, 교육훈련내용) VALUES (69845, 49832, '규정 준수 및 규제 교육', '2023-06-17', '직원이 업계 규정 및 회사 정책을 이해하고 준수하도록 보장');
INSERT INTO 교육훈련(교육훈련번호, 직원번호, 교육훈련유형, 교육훈련일자, 교육훈련내용) VALUES (76324, 41856, '리더십 개발 프로그램', '2023-06-28', '리더십 잠재력을 보이는 직원을 위한 교육 프로그램');
INSERT INTO 교육훈련(교육훈련번호, 직원번호, 교육훈련유형, 교육훈련일자, 교육훈련내용) VALUES (22751, 42761, '다양성 및 포용성 교육', '2023-03-23', '직장 내 다양성과 포용성을 장려');
INSERT INTO 교육훈련(교육훈련번호, 직원번호, 교육훈련유형, 교육훈련일자, 교육훈련내용) VALUES (53901, 51487, '고객 서비스 교육', '2023-03-22', '고객 상호 작용 및 만족과 관련된 기술을 향상');
INSERT INTO 교육훈련(교육훈련번호, 직원번호, 교육훈련유형, 교육훈련일자, 교육훈련내용) VALUES (45690, 51374, '기술 및 소프트웨어 교육', '2023-09-13', '자신의 역할과 관련된 새로운 기술 및 소프트웨어에 대한 최신 정보를 유지');
INSERT INTO 교육훈련(교육훈련번호, 직원번호, 교육훈련유형, 교육훈련일자, 교육훈련내용) VALUES (78850, 41379, '안전 교육', '2023-09-20', '안전 수칙을 인지하고 준수하도록 보장');
INSERT INTO 교육훈련(교육훈련번호, 직원번호, 교육훈련유형, 교육훈련일자, 교육훈련내용) VALUES (90573, 47126, '영업 및 제품 교육', '2023-08-10', '영업팀에 제품 지식과 효과적인 판매 기술을 제공');
INSERT INTO 교육훈련(교육훈련번호, 직원번호, 교육훈련유형, 교육훈련일자, 교육훈련내용) VALUES (84132, 48256, '전문 개발 프로그램', '2022-09-18', '멘토링,  워크숍,  교육 기회를 통해 직원의 경력 성장을 지원');
INSERT INTO 교육훈련(교육훈련번호, 직원번호, 교육훈련유형, 교육훈련일자, 교육훈련내용) VALUES (21939, 49215, '원격 근무 교육', '2022-02-22', '기술 사용 및 시간 관리를 포함하여 원격 근무를 위한 기술 및 전략을 제공');
INSERT INTO 교육훈련(교육훈련번호, 직원번호, 교육훈련유형, 교육훈련일자, 교육훈련내용) VALUES (48169, 42935, '지속적인 학습 프로그램', '2022-02-12', '새로운 기술을 습득할 수 있도록 지원하는 지속적인 학습 문화를 장려');
INSERT INTO 교육훈련(교육훈련번호, 직원번호, 교육훈련유형, 교육훈련일자, 교육훈련내용) VALUES (90567, 48532, '온보딩 교육', '2023-07-11', '신입사원에게 회사의 문화,  정책,  절차를 소개');
INSERT INTO 교육훈련(교육훈련번호, 직원번호, 교육훈련유형, 교육훈련일자, 교육훈련내용) VALUES (83491, 35682, '기술 개발 훈련', '2022-06-24', '직무와 관련된 특정 기술을 향상시키기 위한 교육을 제공');
INSERT INTO 교육훈련(교육훈련번호, 직원번호, 교육훈련유형, 교육훈련일자, 교육훈련내용) VALUES (96406, 25693, '규정 준수 및 규제 교육', '2022-09-03', '직원이 업계 규정 및 회사 정책을 이해하고 준수하도록 보장');
INSERT INTO 교육훈련(교육훈련번호, 직원번호, 교육훈련유형, 교육훈련일자, 교육훈련내용) VALUES (57519, 48256, '리더십 개발 프로그램', '2023-07-13', '리더십 잠재력을 보이는 직원을 위한 교육 프로그램');
INSERT INTO 교육훈련(교육훈련번호, 직원번호, 교육훈련유형, 교육훈련일자, 교육훈련내용) VALUES (29010, 46137, '다양성 및 포용성 교육', '2023-08-30', '직장 내 다양성과 포용성을 장려');
INSERT INTO 교육훈련(교육훈련번호, 직원번호, 교육훈련유형, 교육훈련일자, 교육훈련내용) VALUES (16332, 49173, '고객 서비스 교육', '2022-09-03', '고객 상호 작용 및 만족과 관련된 기술을 향상');
INSERT INTO 교육훈련(교육훈련번호, 직원번호, 교육훈련유형, 교육훈련일자, 교육훈련내용) VALUES (64963, 18754, '기술 및 소프트웨어 교육', '2022-07-21', '자신의 역할과 관련된 새로운 기술 및 소프트웨어에 대한 최신 정보를 유지');
INSERT INTO 교육훈련(교육훈련번호, 직원번호, 교육훈련유형, 교육훈련일자, 교육훈련내용) VALUES (44753, 51247, '안전 교육', '2022-11-15', '안전 수칙을 인지하고 준수하도록 보장');
INSERT INTO 교육훈련(교육훈련번호, 직원번호, 교육훈련유형, 교육훈련일자, 교육훈련내용) VALUES (82857, 35127, '영업 및 제품 교육', '2022-01-02', '영업팀에 제품 지식과 효과적인 판매 기술을 제공');
INSERT INTO 교육훈련(교육훈련번호, 직원번호, 교육훈련유형, 교육훈련일자, 교육훈련내용) VALUES (83963, 17345, '전문 개발 프로그램', '2022-02-10', '멘토링,  워크숍,  교육 기회를 통해 직원의 경력 성장을 지원');
INSERT INTO 교육훈련(교육훈련번호, 직원번호, 교육훈련유형, 교육훈련일자, 교육훈련내용) VALUES (99783, 39275, '원격 근무 교육', '2022-03-15', '기술 사용 및 시간 관리를 포함하여 원격 근무를 위한 기술 및 전략을 제공');
INSERT INTO 교육훈련(교육훈련번호, 직원번호, 교육훈련유형, 교육훈련일자, 교육훈련내용) VALUES (76792, 21573, '지속적인 학습 프로그램', '2022-03-09', '새로운 기술을 습득할 수 있도록 지원하는 지속적인 학습 문화를 장려');
INSERT INTO 교육훈련(교육훈련번호, 직원번호, 교육훈련유형, 교육훈련일자, 교육훈련내용) VALUES (53850, 50814, '온보딩 교육', '2022-05-10', '신입사원에게 회사의 문화,  정책,  절차를 소개');
INSERT INTO 교육훈련(교육훈련번호, 직원번호, 교육훈련유형, 교육훈련일자, 교육훈련내용) VALUES (21110, 49832, '기술 개발 훈련', '2023-04-24', '직무와 관련된 특정 기술을 향상시키기 위한 교육을 제공');
INSERT INTO 교육훈련(교육훈련번호, 직원번호, 교육훈련유형, 교육훈련일자, 교육훈련내용) VALUES (76106, 49835, '규정 준수 및 규제 교육', '2022-10-30', '직원이 업계 규정 및 회사 정책을 이해하고 준수하도록 보장');
INSERT INTO 교육훈련(교육훈련번호, 직원번호, 교육훈련유형, 교육훈련일자, 교육훈련내용) VALUES (19234, 53124, '리더십 개발 프로그램', '2023-09-04', '리더십 잠재력을 보이는 직원을 위한 교육 프로그램');
INSERT INTO 교육훈련(교육훈련번호, 직원번호, 교육훈련유형, 교육훈련일자, 교육훈련내용) VALUES (64066, 39248, '다양성 및 포용성 교육', '2022-11-18', '직장 내 다양성과 포용성을 장려');
INSERT INTO 교육훈련(교육훈련번호, 직원번호, 교육훈련유형, 교육훈련일자, 교육훈련내용) VALUES (39734, 41835, '고객 서비스 교육', '2022-02-06', '고객 상호 작용 및 만족과 관련된 기술을 향상');
INSERT INTO 교육훈련(교육훈련번호, 직원번호, 교육훈련유형, 교육훈련일자, 교육훈련내용) VALUES (40431, 53642, '기술 및 소프트웨어 교육', '2022-07-11', '자신의 역할과 관련된 새로운 기술 및 소프트웨어에 대한 최신 정보를 유지');
INSERT INTO 교육훈련(교육훈련번호, 직원번호, 교육훈련유형, 교육훈련일자, 교육훈련내용) VALUES (68897, 49827, '안전 교육', '2023-01-03', '안전 수칙을 인지하고 준수하도록 보장');
INSERT INTO 교육훈련(교육훈련번호, 직원번호, 교육훈련유형, 교육훈련일자, 교육훈련내용) VALUES (94375, 52417, '영업 및 제품 교육', '2023-05-24', '영업팀에 제품 지식과 효과적인 판매 기술을 제공');
INSERT INTO 교육훈련(교육훈련번호, 직원번호, 교육훈련유형, 교육훈련일자, 교육훈련내용) VALUES (95235, 48921, '전문 개발 프로그램', '2022-09-03', '멘토링,  워크숍,  교육 기회를 통해 직원의 경력 성장을 지원');
INSERT INTO 교육훈련(교육훈련번호, 직원번호, 교육훈련유형, 교육훈련일자, 교육훈련내용) VALUES (88920, 51834, '원격 근무 교육', '2023-08-04', '기술 사용 및 시간 관리를 포함하여 원격 근무를 위한 기술 및 전략을 제공');
INSERT INTO 교육훈련(교육훈련번호, 직원번호, 교육훈련유형, 교육훈련일자, 교육훈련내용) VALUES (37406, 48921, '지속적인 학습 프로그램', '2023-03-22', '새로운 기술을 습득할 수 있도록 지원하는 지속적인 학습 문화를 장려');
INSERT INTO 교육훈련(교육훈련번호, 직원번호, 교육훈련유형, 교육훈련일자, 교육훈련내용) VALUES (53444, 37241, '온보딩 교육', '2022-12-18', '신입사원에게 회사의 문화,  정책,  절차를 소개');
INSERT INTO 교육훈련(교육훈련번호, 직원번호, 교육훈련유형, 교육훈련일자, 교육훈련내용) VALUES (66262, 41835, '기술 개발 훈련', '2022-05-14', '직무와 관련된 특정 기술을 향상시키기 위한 교육을 제공');
INSERT INTO 교육훈련(교육훈련번호, 직원번호, 교육훈련유형, 교육훈련일자, 교육훈련내용) VALUES (77162, 52461, '규정 준수 및 규제 교육', '2023-10-15', '직원이 업계 규정 및 회사 정책을 이해하고 준수하도록 보장');
INSERT INTO 교육훈련(교육훈련번호, 직원번호, 교육훈련유형, 교육훈련일자, 교육훈련내용) VALUES (24244, 51487, '리더십 개발 프로그램', '2022-04-01', '리더십 잠재력을 보이는 직원을 위한 교육 프로그램');
INSERT INTO 교육훈련(교육훈련번호, 직원번호, 교육훈련유형, 교육훈련일자, 교육훈련내용) VALUES (90296, 51834, '다양성 및 포용성 교육', '2022-10-28', '직장 내 다양성과 포용성을 장려');
INSERT INTO 교육훈련(교육훈련번호, 직원번호, 교육훈련유형, 교육훈련일자, 교육훈련내용) VALUES (74234, 47126, '고객 서비스 교육', '2023-06-21', '고객 상호 작용 및 만족과 관련된 기술을 향상');
INSERT INTO 교육훈련(교육훈련번호, 직원번호, 교육훈련유형, 교육훈련일자, 교육훈련내용) VALUES (33841, 37645, '기술 및 소프트웨어 교육', '2022-09-13', '자신의 역할과 관련된 새로운 기술 및 소프트웨어에 대한 최신 정보를 유지');
INSERT INTO 교육훈련(교육훈련번호, 직원번호, 교육훈련유형, 교육훈련일자, 교육훈련내용) VALUES (70947, 15748, '안전 교육', '2022-03-14', '안전 수칙을 인지하고 준수하도록 보장');
INSERT INTO 교육훈련(교육훈련번호, 직원번호, 교육훈련유형, 교육훈련일자, 교육훈련내용) VALUES (97030, 53421, '영업 및 제품 교육', '2023-09-07', '영업팀에 제품 지식과 효과적인 판매 기술을 제공');
INSERT INTO 교육훈련(교육훈련번호, 직원번호, 교육훈련유형, 교육훈련일자, 교육훈련내용) VALUES (58373, 38516, '전문 개발 프로그램', '2022-02-19', '멘토링,  워크숍,  교육 기회를 통해 직원의 경력 성장을 지원');
INSERT INTO 교육훈련(교육훈련번호, 직원번호, 교육훈련유형, 교육훈련일자, 교육훈련내용) VALUES (23390, 46137, '원격 근무 교육', '2023-04-02', '기술 사용 및 시간 관리를 포함하여 원격 근무를 위한 기술 및 전략을 제공');
INSERT INTO 교육훈련(교육훈련번호, 직원번호, 교육훈련유형, 교육훈련일자, 교육훈련내용) VALUES (69420, 48136, '지속적인 학습 프로그램', '2023-06-15', '새로운 기술을 습득할 수 있도록 지원하는 지속적인 학습 문화를 장려');
INSERT INTO 교육훈련(교육훈련번호, 직원번호, 교육훈련유형, 교육훈련일자, 교육훈련내용) VALUES (64554, 46732, '온보딩 교육', '2023-05-05', '신입사원에게 회사의 문화,  정책,  절차를 소개');
INSERT INTO 교육훈련(교육훈련번호, 직원번호, 교육훈련유형, 교육훈련일자, 교육훈련내용) VALUES (71936, 48921, '기술 개발 훈련', '2023-09-13', '직무와 관련된 특정 기술을 향상시키기 위한 교육을 제공');
INSERT INTO 교육훈련(교육훈련번호, 직원번호, 교육훈련유형, 교육훈련일자, 교육훈련내용) VALUES (10682, 47851, '규정 준수 및 규제 교육', '2022-01-02', '직원이 업계 규정 및 회사 정책을 이해하고 준수하도록 보장');
INSERT INTO 교육훈련(교육훈련번호, 직원번호, 교육훈련유형, 교육훈련일자, 교육훈련내용) VALUES (32665, 41625, '리더십 개발 프로그램', '2022-08-13', '리더십 잠재력을 보이는 직원을 위한 교육 프로그램');
INSERT INTO 교육훈련(교육훈련번호, 직원번호, 교육훈련유형, 교육훈련일자, 교육훈련내용) VALUES (46483, 31462, '다양성 및 포용성 교육', '2022-07-04', '직장 내 다양성과 포용성을 장려');
INSERT INTO 교육훈련(교육훈련번호, 직원번호, 교육훈련유형, 교육훈련일자, 교육훈련내용) VALUES (80510, 46587, '고객 서비스 교육', '2022-03-14', '고객 상호 작용 및 만족과 관련된 기술을 향상');
INSERT INTO 교육훈련(교육훈련번호, 직원번호, 교육훈련유형, 교육훈련일자, 교육훈련내용) VALUES (42214, 43276, '기술 및 소프트웨어 교육', '2022-09-21', '자신의 역할과 관련된 새로운 기술 및 소프트웨어에 대한 최신 정보를 유지');
INSERT INTO 교육훈련(교육훈련번호, 직원번호, 교육훈련유형, 교육훈련일자, 교육훈련내용) VALUES (89751, 15947, '안전 교육', '2022-06-28', '안전 수칙을 인지하고 준수하도록 보장');
INSERT INTO 교육훈련(교육훈련번호, 직원번호, 교육훈련유형, 교육훈련일자, 교육훈련내용) VALUES (97476, 53621, '영업 및 제품 교육', '2022-04-14', '영업팀에 제품 지식과 효과적인 판매 기술을 제공');
INSERT INTO 교육훈련(교육훈련번호, 직원번호, 교육훈련유형, 교육훈련일자, 교육훈련내용) VALUES (44321, 17854, '전문 개발 프로그램', '2022-05-12', '멘토링,  워크숍,  교육 기회를 통해 직원의 경력 성장을 지원');
INSERT INTO 교육훈련(교육훈련번호, 직원번호, 교육훈련유형, 교육훈련일자, 교육훈련내용) VALUES (74198, 45723, '원격 근무 교육', '2022-03-09', '기술 사용 및 시간 관리를 포함하여 원격 근무를 위한 기술 및 전략을 제공');
INSERT INTO 교육훈련(교육훈련번호, 직원번호, 교육훈련유형, 교육훈련일자, 교육훈련내용) VALUES (45164, 38516, '지속적인 학습 프로그램', '2023-06-17', '새로운 기술을 습득할 수 있도록 지원하는 지속적인 학습 문화를 장려');
INSERT INTO 교육훈련(교육훈련번호, 직원번호, 교육훈련유형, 교육훈련일자, 교육훈련내용) VALUES (58483, 34681, '온보딩 교육', '2022-04-20', '신입사원에게 회사의 문화,  정책,  절차를 소개');
INSERT INTO 교육훈련(교육훈련번호, 직원번호, 교육훈련유형, 교육훈련일자, 교육훈련내용) VALUES (19856, 51487, '기술 개발 훈련', '2022-03-26', '직무와 관련된 특정 기술을 향상시키기 위한 교육을 제공');
INSERT INTO 교육훈련(교육훈련번호, 직원번호, 교육훈련유형, 교육훈련일자, 교육훈련내용) VALUES (91636, 52198, '규정 준수 및 규제 교육', '2023-05-03', '직원이 업계 규정 및 회사 정책을 이해하고 준수하도록 보장');
INSERT INTO 교육훈련(교육훈련번호, 직원번호, 교육훈련유형, 교육훈련일자, 교육훈련내용) VALUES (82959, 41835, '리더십 개발 프로그램', '2022-10-01', '리더십 잠재력을 보이는 직원을 위한 교육 프로그램');
INSERT INTO 교육훈련(교육훈련번호, 직원번호, 교육훈련유형, 교육훈련일자, 교육훈련내용) VALUES (82010, 53642, '다양성 및 포용성 교육', '2023-02-15', '직장 내 다양성과 포용성을 장려');
INSERT INTO 교육훈련(교육훈련번호, 직원번호, 교육훈련유형, 교육훈련일자, 교육훈련내용) VALUES (59606, 51247, '고객 서비스 교육', '2022-12-06', '고객 상호 작용 및 만족과 관련된 기술을 향상');
INSERT INTO 교육훈련(교육훈련번호, 직원번호, 교육훈련유형, 교육훈련일자, 교육훈련내용) VALUES (19604, 35127, '기술 및 소프트웨어 교육', '2022-12-09', '자신의 역할과 관련된 새로운 기술 및 소프트웨어에 대한 최신 정보를 유지');
INSERT INTO 교육훈련(교육훈련번호, 직원번호, 교육훈련유형, 교육훈련일자, 교육훈련내용) VALUES (75755, 41856, '안전 교육', '2022-11-06', '안전 수칙을 인지하고 준수하도록 보장');
INSERT INTO 교육훈련(교육훈련번호, 직원번호, 교육훈련유형, 교육훈련일자, 교육훈련내용) VALUES (58948, 42935, '영업 및 제품 교육', '2022-07-04', '영업팀에 제품 지식과 효과적인 판매 기술을 제공');
INSERT INTO 교육훈련(교육훈련번호, 직원번호, 교육훈련유형, 교육훈련일자, 교육훈련내용) VALUES (68968, 39741, '전문 개발 프로그램', '2023-01-06', '멘토링,  워크숍,  교육 기회를 통해 직원의 경력 성장을 지원');
INSERT INTO 교육훈련(교육훈련번호, 직원번호, 교육훈련유형, 교육훈련일자, 교육훈련내용) VALUES (12659, 51379, '원격 근무 교육', '2022-04-14', '기술 사용 및 시간 관리를 포함하여 원격 근무를 위한 기술 및 전략을 제공');
INSERT INTO 교육훈련(교육훈련번호, 직원번호, 교육훈련유형, 교육훈련일자, 교육훈련내용) VALUES (98721, 53842, '지속적인 학습 프로그램', '2022-02-27', '새로운 기술을 습득할 수 있도록 지원하는 지속적인 학습 문화를 장려');
INSERT INTO 교육훈련(교육훈련번호, 직원번호, 교육훈련유형, 교육훈련일자, 교육훈련내용) VALUES (38897, 47851, '온보딩 교육', '2023-07-09', '신입사원에게 회사의 문화,  정책,  절차를 소개');
INSERT INTO 교육훈련(교육훈련번호, 직원번호, 교육훈련유형, 교육훈련일자, 교육훈련내용) VALUES (79492, 14657, '기술 개발 훈련', '2023-10-04', '직무와 관련된 특정 기술을 향상시키기 위한 교육을 제공');
INSERT INTO 교육훈련(교육훈련번호, 직원번호, 교육훈련유형, 교육훈련일자, 교육훈련내용) VALUES (31458, 46137, '규정 준수 및 규제 교육', '2023-08-27', '직원이 업계 규정 및 회사 정책을 이해하고 준수하도록 보장');
INSERT INTO 교육훈련(교육훈련번호, 직원번호, 교육훈련유형, 교육훈련일자, 교육훈련내용) VALUES (91432, 52174, '리더십 개발 프로그램', '2023-03-23', '리더십 잠재력을 보이는 직원을 위한 교육 프로그램');
INSERT INTO 교육훈련(교육훈련번호, 직원번호, 교육훈련유형, 교육훈련일자, 교육훈련내용) VALUES (32499, 25684, '다양성 및 포용성 교육', '2023-09-13', '직장 내 다양성과 포용성을 장려');
INSERT INTO 교육훈련(교육훈련번호, 직원번호, 교육훈련유형, 교육훈련일자, 교육훈련내용) VALUES (64011, 56921, '고객 서비스 교육', '2023-07-09', '고객 상호 작용 및 만족과 관련된 기술을 향상');
INSERT INTO 교육훈련(교육훈련번호, 직원번호, 교육훈련유형, 교육훈련일자, 교육훈련내용) VALUES (52904, 43276, '기술 및 소프트웨어 교육', '2022-03-26', '자신의 역할과 관련된 새로운 기술 및 소프트웨어에 대한 최신 정보를 유지');
INSERT INTO 교육훈련(교육훈련번호, 직원번호, 교육훈련유형, 교육훈련일자, 교육훈련내용) VALUES (96284, 21573, '안전 교육', '2023-02-19', '안전 수칙을 인지하고 준수하도록 보장');
INSERT INTO 교육훈련(교육훈련번호, 직원번호, 교육훈련유형, 교육훈련일자, 교육훈련내용) VALUES (46583, 52184, '영업 및 제품 교육', '2022-11-29', '영업팀에 제품 지식과 효과적인 판매 기술을 제공');
INSERT INTO 교육훈련(교육훈련번호, 직원번호, 교육훈련유형, 교육훈련일자, 교육훈련내용) VALUES (46097, 17345, '전문 개발 프로그램', '2023-08-10', '멘토링,  워크숍,  교육 기회를 통해 직원의 경력 성장을 지원');
INSERT INTO 교육훈련(교육훈련번호, 직원번호, 교육훈련유형, 교육훈련일자, 교육훈련내용) VALUES (97084, 41856, '원격 근무 교육', '2022-02-19', '기술 사용 및 시간 관리를 포함하여 원격 근무를 위한 기술 및 전략을 제공');
INSERT INTO 교육훈련(교육훈련번호, 직원번호, 교육훈련유형, 교육훈련일자, 교육훈련내용) VALUES (67088, 53124, '지속적인 학습 프로그램', '2022-01-24', '새로운 기술을 습득할 수 있도록 지원하는 지속적인 학습 문화를 장려');
INSERT INTO 교육훈련(교육훈련번호, 직원번호, 교육훈련유형, 교육훈련일자, 교육훈련내용) VALUES (46672, 17854, '온보딩 교육', '2022-09-26', '신입사원에게 회사의 문화,  정책,  절차를 소개');
INSERT INTO 교육훈련(교육훈련번호, 직원번호, 교육훈련유형, 교육훈련일자, 교육훈련내용) VALUES (67778, 34768, '기술 개발 훈련', '2023-03-10', '직무와 관련된 특정 기술을 향상시키기 위한 교육을 제공');
INSERT INTO 교육훈련(교육훈련번호, 직원번호, 교육훈련유형, 교육훈련일자, 교육훈련내용) VALUES (52690, 46137, '규정 준수 및 규제 교육', '2022-04-14', '직원이 업계 규정 및 회사 정책을 이해하고 준수하도록 보장');
INSERT INTO 교육훈련(교육훈련번호, 직원번호, 교육훈련유형, 교육훈련일자, 교육훈련내용) VALUES (78563, 52137, '리더십 개발 프로그램', '2023-09-13', '리더십 잠재력을 보이는 직원을 위한 교육 프로그램');
INSERT INTO 교육훈련(교육훈련번호, 직원번호, 교육훈련유형, 교육훈련일자, 교육훈련내용) VALUES (96714, 52947, '다양성 및 포용성 교육', '2022-09-21', '직장 내 다양성과 포용성을 장려');
INSERT INTO 교육훈련(교육훈련번호, 직원번호, 교육훈련유형, 교육훈련일자, 교육훈련내용) VALUES (30721, 25684, '고객 서비스 교육', '2023-01-13', '고객 상호 작용 및 만족과 관련된 기술을 향상');
INSERT INTO 교육훈련(교육훈련번호, 직원번호, 교육훈련유형, 교육훈련일자, 교육훈련내용) VALUES (69945, 56921, '기술 및 소프트웨어 교육', '2023-04-27', '자신의 역할과 관련된 새로운 기술 및 소프트웨어에 대한 최신 정보를 유지');
INSERT INTO 교육훈련(교육훈련번호, 직원번호, 교육훈련유형, 교육훈련일자, 교육훈련내용) VALUES (48912, 47851, '안전 교육', '2023-07-19', '안전 수칙을 인지하고 준수하도록 보장');
INSERT INTO 교육훈련(교육훈련번호, 직원번호, 교육훈련유형, 교육훈련일자, 교육훈련내용) VALUES (70117, 15748, '영업 및 제품 교육', '2022-04-29', '영업팀에 제품 지식과 효과적인 판매 기술을 제공');
INSERT INTO 교육훈련(교육훈련번호, 직원번호, 교육훈련유형, 교육훈련일자, 교육훈련내용) VALUES (32856, 49832, '전문 개발 프로그램', '2022-04-08', '멘토링,  워크숍,  교육 기회를 통해 직원의 경력 성장을 지원');
INSERT INTO 교육훈련(교육훈련번호, 직원번호, 교육훈련유형, 교육훈련일자, 교육훈련내용) VALUES (98476, 31462, '원격 근무 교육', '2023-10-15', '기술 사용 및 시간 관리를 포함하여 원격 근무를 위한 기술 및 전략을 제공');
INSERT INTO 교육훈련(교육훈련번호, 직원번호, 교육훈련유형, 교육훈련일자, 교육훈련내용) VALUES (29231, 34127, '지속적인 학습 프로그램', '2023-09-05', '새로운 기술을 습득할 수 있도록 지원하는 지속적인 학습 문화를 장려');
INSERT INTO 교육훈련(교육훈련번호, 직원번호, 교육훈련유형, 교육훈련일자, 교육훈련내용) VALUES (84940, 46985, '온보딩 교육', '2022-05-02', '신입사원에게 회사의 문화,  정책,  절차를 소개');
INSERT INTO 교육훈련(교육훈련번호, 직원번호, 교육훈련유형, 교육훈련일자, 교육훈련내용) VALUES (15018, 51689, '기술 개발 훈련', '2023-05-24', '직무와 관련된 특정 기술을 향상시키기 위한 교육을 제공');
INSERT INTO 교육훈련(교육훈련번호, 직원번호, 교육훈련유형, 교육훈련일자, 교육훈련내용) VALUES (35849, 37241, '규정 준수 및 규제 교육', '2023-05-03', '직원이 업계 규정 및 회사 정책을 이해하고 준수하도록 보장');
INSERT INTO 교육훈련(교육훈련번호, 직원번호, 교육훈련유형, 교육훈련일자, 교육훈련내용) VALUES (23037, 50328, '리더십 개발 프로그램', '2022-06-01', '리더십 잠재력을 보이는 직원을 위한 교육 프로그램');
INSERT INTO 교육훈련(교육훈련번호, 직원번호, 교육훈련유형, 교육훈련일자, 교육훈련내용) VALUES (72831, 56142, '다양성 및 포용성 교육', '2022-04-06', '직장 내 다양성과 포용성을 장려');
INSERT INTO 교육훈련(교육훈련번호, 직원번호, 교육훈련유형, 교육훈련일자, 교육훈련내용) VALUES (39560, 41625, '고객 서비스 교육', '2022-07-25', '고객 상호 작용 및 만족과 관련된 기술을 향상');
INSERT INTO 교육훈련(교육훈련번호, 직원번호, 교육훈련유형, 교육훈련일자, 교육훈련내용) VALUES (59699, 49215, '기술 및 소프트웨어 교육', '2022-07-21', '자신의 역할과 관련된 새로운 기술 및 소프트웨어에 대한 최신 정보를 유지');
INSERT INTO 교육훈련(교육훈련번호, 직원번호, 교육훈련유형, 교육훈련일자, 교육훈련내용) VALUES (33552, 24635, '안전 교육', '2023-09-04', '안전 수칙을 인지하고 준수하도록 보장');
INSERT INTO 교육훈련(교육훈련번호, 직원번호, 교육훈련유형, 교육훈련일자, 교육훈련내용) VALUES (45500, 49635, '영업 및 제품 교육', '2023-02-15', '영업팀에 제품 지식과 효과적인 판매 기술을 제공');
INSERT INTO 교육훈련(교육훈련번호, 직원번호, 교육훈련유형, 교육훈련일자, 교육훈련내용) VALUES (92519, 37241, '전문 개발 프로그램', '2023-08-09', '멘토링,  워크숍,  교육 기회를 통해 직원의 경력 성장을 지원');
INSERT INTO 교육훈련(교육훈련번호, 직원번호, 교육훈련유형, 교육훈련일자, 교육훈련내용) VALUES (31912, 47126, '원격 근무 교육', '2022-03-17', '기술 사용 및 시간 관리를 포함하여 원격 근무를 위한 기술 및 전략을 제공');
INSERT INTO 교육훈련(교육훈련번호, 직원번호, 교육훈련유형, 교육훈련일자, 교육훈련내용) VALUES (13560, 52731, '지속적인 학습 프로그램', '2022-10-11', '새로운 기술을 습득할 수 있도록 지원하는 지속적인 학습 문화를 장려');
INSERT INTO 교육훈련(교육훈련번호, 직원번호, 교육훈련유형, 교육훈련일자, 교육훈련내용) VALUES (64628, 47126, '온보딩 교육', '2022-02-14', '신입사원에게 회사의 문화,  정책,  절차를 소개');
INSERT INTO 교육훈련(교육훈련번호, 직원번호, 교육훈련유형, 교육훈련일자, 교육훈련내용) VALUES (81135, 23654, '기술 개발 훈련', '2022-07-25', '직무와 관련된 특정 기술을 향상시키기 위한 교육을 제공');
INSERT INTO 교육훈련(교육훈련번호, 직원번호, 교육훈련유형, 교육훈련일자, 교육훈련내용) VALUES (68999, 52731, '규정 준수 및 규제 교육', '2023-07-03', '직원이 업계 규정 및 회사 정책을 이해하고 준수하도록 보장');
INSERT INTO 교육훈련(교육훈련번호, 직원번호, 교육훈련유형, 교육훈련일자, 교육훈련내용) VALUES (69812, 49635, '리더십 개발 프로그램', '2022-04-20', '리더십 잠재력을 보이는 직원을 위한 교육 프로그램');
INSERT INTO 교육훈련(교육훈련번호, 직원번호, 교육훈련유형, 교육훈련일자, 교육훈련내용) VALUES (73814, 53421, '다양성 및 포용성 교육', '2023-05-14', '직장 내 다양성과 포용성을 장려');
INSERT INTO 교육훈련(교육훈련번호, 직원번호, 교육훈련유형, 교육훈련일자, 교육훈련내용) VALUES (65876, 21573, '고객 서비스 교육', '2023-01-04', '고객 상호 작용 및 만족과 관련된 기술을 향상');
INSERT INTO 교육훈련(교육훈련번호, 직원번호, 교육훈련유형, 교육훈련일자, 교육훈련내용) VALUES (46962, 52947, '기술 및 소프트웨어 교육', '2023-03-10', '자신의 역할과 관련된 새로운 기술 및 소프트웨어에 대한 최신 정보를 유지');
INSERT INTO 교육훈련(교육훈련번호, 직원번호, 교육훈련유형, 교육훈련일자, 교육훈련내용) VALUES (62823, 48921, '안전 교육', '2022-04-14', '안전 수칙을 인지하고 준수하도록 보장');
INSERT INTO 교육훈련(교육훈련번호, 직원번호, 교육훈련유형, 교육훈련일자, 교육훈련내용) VALUES (32760, 52461, '영업 및 제품 교육', '2022-10-30', '영업팀에 제품 지식과 효과적인 판매 기술을 제공');
INSERT INTO 교육훈련(교육훈련번호, 직원번호, 교육훈련유형, 교육훈련일자, 교육훈련내용) VALUES (31528, 52436, '전문 개발 프로그램', '2023-07-19', '멘토링,  워크숍,  교육 기회를 통해 직원의 경력 성장을 지원');
INSERT INTO 교육훈련(교육훈련번호, 직원번호, 교육훈련유형, 교육훈련일자, 교육훈련내용) VALUES (71795, 53421, '원격 근무 교육', '2023-06-17', '기술 사용 및 시간 관리를 포함하여 원격 근무를 위한 기술 및 전략을 제공');
INSERT INTO 교육훈련(교육훈련번호, 직원번호, 교육훈련유형, 교육훈련일자, 교육훈련내용) VALUES (65494, 36254, '지속적인 학습 프로그램', '2022-01-16', '새로운 기술을 습득할 수 있도록 지원하는 지속적인 학습 문화를 장려');
INSERT INTO 교육훈련(교육훈련번호, 직원번호, 교육훈련유형, 교육훈련일자, 교육훈련내용) VALUES (23900, 53146, '온보딩 교육', '2022-03-14', '신입사원에게 회사의 문화,  정책,  절차를 소개');
INSERT INTO 교육훈련(교육훈련번호, 직원번호, 교육훈련유형, 교육훈련일자, 교육훈련내용) VALUES (11262, 49827, '기술 개발 훈련', '2023-05-24', '직무와 관련된 특정 기술을 향상시키기 위한 교육을 제공');
INSERT INTO 교육훈련(교육훈련번호, 직원번호, 교육훈련유형, 교육훈련일자, 교육훈련내용) VALUES (85037, 34681, '규정 준수 및 규제 교육', '2022-07-11', '직원이 업계 규정 및 회사 정책을 이해하고 준수하도록 보장');
INSERT INTO 교육훈련(교육훈련번호, 직원번호, 교육훈련유형, 교육훈련일자, 교육훈련내용) VALUES (74338, 21486, '리더십 개발 프로그램', '2022-11-28', '리더십 잠재력을 보이는 직원을 위한 교육 프로그램');
INSERT INTO 교육훈련(교육훈련번호, 직원번호, 교육훈련유형, 교육훈련일자, 교육훈련내용) VALUES (82711, 53871, '다양성 및 포용성 교육', '2022-09-21', '직장 내 다양성과 포용성을 장려');
INSERT INTO 교육훈련(교육훈련번호, 직원번호, 교육훈련유형, 교육훈련일자, 교육훈련내용) VALUES (29881, 47851, '고객 서비스 교육', '2023-09-13', '고객 상호 작용 및 만족과 관련된 기술을 향상');
INSERT INTO 교육훈련(교육훈련번호, 직원번호, 교육훈련유형, 교육훈련일자, 교육훈련내용) VALUES (77372, 15382, '기술 및 소프트웨어 교육', '2022-04-14', '자신의 역할과 관련된 새로운 기술 및 소프트웨어에 대한 최신 정보를 유지');
INSERT INTO 교육훈련(교육훈련번호, 직원번호, 교육훈련유형, 교육훈련일자, 교육훈련내용) VALUES (76436, 23654, '안전 교육', '2023-03-22', '안전 수칙을 인지하고 준수하도록 보장');
INSERT INTO 교육훈련(교육훈련번호, 직원번호, 교육훈련유형, 교육훈련일자, 교육훈련내용) VALUES (30081, 52198, '영업 및 제품 교육', '2023-01-09', '영업팀에 제품 지식과 효과적인 판매 기술을 제공');
INSERT INTO 교육훈련(교육훈련번호, 직원번호, 교육훈련유형, 교육훈련일자, 교육훈련내용) VALUES (63061, 52136, '전문 개발 프로그램', '2023-02-06', '멘토링,  워크숍,  교육 기회를 통해 직원의 경력 성장을 지원');
INSERT INTO 교육훈련(교육훈련번호, 직원번호, 교육훈련유형, 교육훈련일자, 교육훈련내용) VALUES (12529, 21486, '원격 근무 교육', '2022-03-15', '기술 사용 및 시간 관리를 포함하여 원격 근무를 위한 기술 및 전략을 제공');
INSERT INTO 교육훈련(교육훈련번호, 직원번호, 교육훈련유형, 교육훈련일자, 교육훈련내용) VALUES (78592, 52461, '지속적인 학습 프로그램', '2022-12-18', '새로운 기술을 습득할 수 있도록 지원하는 지속적인 학습 문화를 장려');
INSERT INTO 교육훈련(교육훈련번호, 직원번호, 교육훈련유형, 교육훈련일자, 교육훈련내용) VALUES (83140, 49827, '온보딩 교육', '2022-12-18', '신입사원에게 회사의 문화,  정책,  절차를 소개');
INSERT INTO 교육훈련(교육훈련번호, 직원번호, 교육훈련유형, 교육훈련일자, 교육훈련내용) VALUES (86281, 39248, '기술 개발 훈련', '2023-05-03', '직무와 관련된 특정 기술을 향상시키기 위한 교육을 제공');
INSERT INTO 교육훈련(교육훈련번호, 직원번호, 교육훈련유형, 교육훈련일자, 교육훈련내용) VALUES (86435, 52347, '규정 준수 및 규제 교육', '2022-11-18', '직원이 업계 규정 및 회사 정책을 이해하고 준수하도록 보장');
INSERT INTO 교육훈련(교육훈련번호, 직원번호, 교육훈련유형, 교육훈련일자, 교육훈련내용) VALUES (52815, 14657, '리더십 개발 프로그램', '2023-06-21', '리더십 잠재력을 보이는 직원을 위한 교육 프로그램');
INSERT INTO 교육훈련(교육훈련번호, 직원번호, 교육훈련유형, 교육훈련일자, 교육훈련내용) VALUES (55562, 51247, '다양성 및 포용성 교육', '2022-03-17', '직장 내 다양성과 포용성을 장려');
INSERT INTO 교육훈련(교육훈련번호, 직원번호, 교육훈련유형, 교육훈련일자, 교육훈련내용) VALUES (73415, 34768, '고객 서비스 교육', '2022-10-01', '고객 상호 작용 및 만족과 관련된 기술을 향상');
INSERT INTO 교육훈련(교육훈련번호, 직원번호, 교육훈련유형, 교육훈련일자, 교육훈련내용) VALUES (72746, 52436, '기술 및 소프트웨어 교육', '2023-09-13', '자신의 역할과 관련된 새로운 기술 및 소프트웨어에 대한 최신 정보를 유지');
INSERT INTO 교육훈련(교육훈련번호, 직원번호, 교육훈련유형, 교육훈련일자, 교육훈련내용) VALUES (74225, 21573, '안전 교육', '2023-02-06', '안전 수칙을 인지하고 준수하도록 보장');

commit;